country,iso3,g_whoregion,year,rcvd_lab,rcvd_staff,rcvd_tot_domestic,rcvd_tot_gf,rcvd_tot_grnt,rcvd_tot_sources,rcvd_tot_usaid,download_date
Afghanistan,AFG,EMR,2017,2463321,625971,NA,4088013,4583464,12071477,3400000,2023-07-28
Afghanistan,AFG,EMR,2018,1471438,706095,551664,3946378,3826357,12400144,4075745,2023-07-28
Afghanistan,AFG,EMR,2019,2165197,1956088,284773,6573762,4826365,14984900,3300000,2023-07-28
Afghanistan,AFG,EMR,2020,1540184,509385,0,7613450,4118876,11732326,NA,2023-07-28
Afghanistan,AFG,EMR,2021,900000,300000,726302,6187410,1709510,8623222,NA,2023-07-28
Albania,ALB,EUR,2017,NA,NA,NA,NA,NA,NA,NA,2023-07-28
Albania,ALB,EUR,2018,NA,NA,NA,NA,NA,NA,NA,2023-07-28
Albania,ALB,EUR,2019,NA,NA,NA,NA,NA,NA,NA,2023-07-28
Albania,ALB,EUR,2020,NA,NA,NA,NA,NA,NA,NA,2023-07-28
Albania,ALB,EUR,2021,NA,NA,NA,NA,NA,NA,NA,2023-07-28
Algeria,DZA,AFR,2017,NA,NA,810820,NA,NA,810820,NA,2023-07-28
Algeria,DZA,AFR,2018,NA,NA,NA,NA,NA,NA,NA,2023-07-28
Algeria,DZA,AFR,2019,NA,NA,NA,NA,NA,NA,NA,2023-07-28
Algeria,DZA,AFR,2020,NA,NA,NA,NA,NA,NA,NA,2023-07-28
Algeria,DZA,AFR,2021,NA,NA,NA,NA,NA,NA,NA,2023-07-28
American Samoa,ASM,WPR,2017,NA,NA,NA,NA,NA,NA,NA,2023-07-28
American Samoa,ASM,WPR,2018,NA,NA,NA,NA,NA,NA,NA,2023-07-28
American Samoa,ASM,WPR,2019,NA,NA,NA,NA,NA,NA,NA,2023-07-28
American Samoa,ASM,WPR,2020,NA,NA,NA,NA,NA,NA,NA,2023-07-28
American Samoa,ASM,WPR,2021,NA,NA,NA,NA,NA,NA,NA,2023-07-28
Andorra,AND,EUR,2017,NA,NA,NA,NA,NA,NA,NA,2023-07-28
Andorra,AND,EUR,2018,NA,NA,NA,NA,NA,NA,NA,2023-07-28
Andorra,AND,EUR,2019,NA,NA,NA,NA,NA,NA,NA,2023-07-28
Andorra,AND,EUR,2020,NA,NA,NA,NA,NA,NA,NA,2023-07-28
Andorra,AND,EUR,2021,NA,NA,NA,NA,NA,NA,NA,2023-07-28
Angola,AGO,AFR,2017,550000,990000,27985663,4972863,0,32958526,0,2023-07-28
Angola,AGO,AFR,2018,550000,990000,25830058,3758779,8672452,38261289,NA,2023-07-28
Angola,AGO,AFR,2019,784599,173805,2856381,2416285,120054,5392720,0,2023-07-28
Angola,AGO,AFR,2020,0,173805,5373932,1897542,153754,7425228,0,2023-07-28
Angola,AGO,AFR,2021,213166,173805,5587098,1897542,153754,7638394,0,2023-07-28
Anguilla,AIA,AMR,2017,NA,NA,NA,NA,NA,NA,NA,2023-07-28
Anguilla,AIA,AMR,2018,NA,NA,NA,NA,NA,NA,NA,2023-07-28
Anguilla,AIA,AMR,2019,NA,NA,NA,NA,NA,NA,NA,2023-07-28
Anguilla,AIA,AMR,2020,NA,NA,NA,NA,NA,NA,NA,2023-07-28
Anguilla,AIA,AMR,2021,NA,NA,NA,NA,NA,NA,NA,2023-07-28
Antigua and Barbuda,ATG,AMR,2017,NA,NA,NA,NA,NA,NA,NA,2023-07-28
Antigua and Barbuda,ATG,AMR,2018,NA,NA,NA,NA,NA,NA,NA,2023-07-28
Antigua and Barbuda,ATG,AMR,2019,NA,NA,NA,NA,NA,NA,NA,2023-07-28
Antigua and Barbuda,ATG,AMR,2020,NA,NA,NA,NA,NA,NA,NA,2023-07-28
Antigua and Barbuda,ATG,AMR,2021,NA,NA,NA,NA,NA,NA,NA,2023-07-28
Argentina,ARG,AMR,2017,0,0,3276179,0,0,3276179,0,2023-07-28
Argentina,ARG,AMR,2018,0,0,1789153,0,0,1789153,0,2023-07-28
Argentina,ARG,AMR,2019,0,0,2532872,0,0,2532872,0,2023-07-28
Argentina,ARG,AMR,2020,272888,0,1735158,0,0,1735158,0,2023-07-28
Argentina,ARG,AMR,2021,175736,NA,2003716,NA,NA,2003716,NA,2023-07-28
Armenia,ARM,EUR,2017,149511,3077775,3021843,1591001,0,4612844,0,2023-07-28
Armenia,ARM,EUR,2018,2031383,35119,25883,4048307,0,4074190,0,2023-07-28
Armenia,ARM,EUR,2019,171472,85257,3119098,1474278,NA,4593376,NA,2023-07-28
Armenia,ARM,EUR,2020,291415,131069,2179342,851841,NA,3031183,NA,2023-07-28
Armenia,ARM,EUR,2021,1272288,79935,1948472,1561603,NA,3510075,NA,2023-07-28
Aruba,ABW,AMR,2017,NA,NA,NA,NA,NA,NA,NA,2023-07-28
Aruba,ABW,AMR,2018,NA,NA,NA,NA,NA,NA,NA,2023-07-28
Aruba,ABW,AMR,2019,NA,NA,NA,NA,NA,NA,NA,2023-07-28
Aruba,ABW,AMR,2020,NA,NA,NA,NA,NA,NA,NA,2023-07-28
Aruba,ABW,AMR,2021,NA,NA,NA,NA,NA,NA,NA,2023-07-28
Australia,AUS,WPR,2017,NA,NA,NA,NA,NA,NA,NA,2023-07-28
Australia,AUS,WPR,2018,NA,NA,NA,NA,NA,NA,NA,2023-07-28
Australia,AUS,WPR,2019,NA,NA,NA,NA,NA,NA,NA,2023-07-28
Australia,AUS,WPR,2020,NA,NA,NA,NA,NA,NA,NA,2023-07-28
Australia,AUS,WPR,2021,NA,NA,NA,NA,NA,NA,NA,2023-07-28
Austria,AUT,EUR,2017,NA,NA,NA,NA,NA,NA,NA,2023-07-28
Austria,AUT,EUR,2018,NA,NA,NA,NA,NA,NA,NA,2023-07-28
Austria,AUT,EUR,2019,NA,NA,NA,NA,NA,NA,NA,2023-07-28
Austria,AUT,EUR,2020,NA,NA,NA,NA,NA,NA,NA,2023-07-28
Austria,AUT,EUR,2021,NA,NA,NA,NA,NA,NA,NA,2023-07-28
Azerbaijan,AZE,EUR,2017,NA,NA,NA,NA,NA,NA,NA,2023-07-28
Azerbaijan,AZE,EUR,2018,914655,9658583,15349747,2356476,NA,17706223,NA,2023-07-28
Azerbaijan,AZE,EUR,2019,642024,8827541,16519343,3522493,NA,20041836,NA,2023-07-28
Azerbaijan,AZE,EUR,2020,916664,8920053,11195354,2604906,NA,13800260,NA,2023-07-28
Azerbaijan,AZE,EUR,2021,NA,NA,NA,NA,NA,NA,NA,2023-07-28
Bahamas,BHS,AMR,2017,NA,NA,NA,NA,NA,NA,NA,2023-07-28
Bahamas,BHS,AMR,2018,NA,NA,NA,NA,NA,NA,NA,2023-07-28
Bahamas,BHS,AMR,2019,NA,NA,NA,NA,NA,NA,NA,2023-07-28
Bahamas,BHS,AMR,2020,NA,NA,NA,NA,NA,NA,NA,2023-07-28
Bahamas,BHS,AMR,2021,NA,NA,NA,NA,NA,NA,NA,2023-07-28
Bahrain,BHR,EMR,2017,NA,NA,NA,NA,NA,NA,NA,2023-07-28
Bahrain,BHR,EMR,2018,NA,NA,NA,NA,NA,NA,NA,2023-07-28
Bahrain,BHR,EMR,2019,NA,NA,NA,NA,NA,NA,NA,2023-07-28
Bahrain,BHR,EMR,2020,NA,NA,NA,NA,NA,NA,NA,2023-07-28
Bahrain,BHR,EMR,2021,NA,NA,NA,NA,NA,NA,NA,2023-07-28
Bangladesh,BGD,SEA,2017,4218465,14096313,6886000,32311925,0,42581397,3383472,2023-07-28
Bangladesh,BGD,SEA,2018,15593760,14879186,13316019,29164492,0,55980511,13500000,2023-07-28
Bangladesh,BGD,SEA,2019,9242380,16468442,13308192,36183130,0,62991322,13500000,2023-07-28
Bangladesh,BGD,SEA,2020,15993552,16858818,13458726,49434236,0,78392962,15500000,2023-07-28
Bangladesh,BGD,SEA,2021,18355196,14376005,21621285,32090761,0,71712046,18000000,2023-07-28
Barbados,BRB,AMR,2017,NA,NA,NA,NA,NA,NA,NA,2023-07-28
Barbados,BRB,AMR,2018,NA,NA,NA,NA,NA,NA,NA,2023-07-28
Barbados,BRB,AMR,2019,NA,NA,NA,NA,NA,NA,NA,2023-07-28
Barbados,BRB,AMR,2020,NA,NA,NA,NA,NA,NA,NA,2023-07-28
Barbados,BRB,AMR,2021,NA,NA,NA,NA,NA,NA,NA,2023-07-28
Belarus,BLR,EUR,2017,1273722,25224550,67056000,3583176,520116,71159292,NA,2023-07-28
Belarus,BLR,EUR,2018,1841652,27358864,65878200,3410692,1476759,70765651,0,2023-07-28
Belarus,BLR,EUR,2019,692040,25905469,65606296,2104056,840357,68550709,0,2023-07-28
Belarus,BLR,EUR,2020,2513787,31420502,68010001,6650113,NA,74660114,0,2023-07-28
Belarus,BLR,EUR,2021,1695505,35044390,68260000,2402374,NA,70662374,0,2023-07-28
Belgium,BEL,EUR,2017,NA,NA,NA,NA,NA,NA,NA,2023-07-28
Belgium,BEL,EUR,2018,NA,NA,NA,NA,NA,NA,NA,2023-07-28
Belgium,BEL,EUR,2019,NA,NA,NA,NA,NA,NA,NA,2023-07-28
Belgium,BEL,EUR,2020,NA,NA,NA,NA,NA,NA,NA,2023-07-28
Belgium,BEL,EUR,2021,NA,NA,NA,NA,NA,NA,NA,2023-07-28
Belize,BLZ,AMR,2017,103300,99196,21710,576471,0,598181,0,2023-07-28
Belize,BLZ,AMR,2018,42545,106292,19960,372068,0,392028,0,2023-07-28
Belize,BLZ,AMR,2019,53900,182705,420604,NA,0,420604,0,2023-07-28
Belize,BLZ,AMR,2020,53900,182705,308707,78185,0,386892,0,2023-07-28
Belize,BLZ,AMR,2021,53900,182705,308707,78185,0,386892,0,2023-07-28
Benin,BEN,AFR,2017,1236714,878975,224021,4373065,11889,4608975,0,2023-07-28
Benin,BEN,AFR,2018,535708,549881,293256,2687778,10967,2992001,0,2023-07-28
Benin,BEN,AFR,2019,762665,524336,296174,2048738,10793,2355705,0,2023-07-28
Benin,BEN,AFR,2020,1244975,737360,624959,3542792,0,4167751,0,2023-07-28
Benin,BEN,AFR,2021,483194,782598,653385,2614080,0,3267465,0,2023-07-28
Bermuda,BMU,AMR,2017,NA,NA,NA,NA,NA,NA,NA,2023-07-28
Bermuda,BMU,AMR,2018,NA,NA,NA,NA,NA,NA,NA,2023-07-28
Bermuda,BMU,AMR,2019,NA,NA,NA,NA,NA,NA,NA,2023-07-28
Bermuda,BMU,AMR,2020,NA,NA,NA,NA,NA,NA,NA,2023-07-28
Bermuda,BMU,AMR,2021,NA,NA,NA,NA,NA,NA,NA,2023-07-28
Bhutan,BTN,SEA,2017,81380,0,NA,591753,NA,591753,NA,2023-07-28
Bhutan,BTN,SEA,2018,163497,4303,57413,435618,0,493031,0,2023-07-28
Bhutan,BTN,SEA,2019,149566,4304,20985,499862,0,520847,0,2023-07-28
Bhutan,BTN,SEA,2020,374194,5604,52979,687166,50000,790145,0,2023-07-28
Bhutan,BTN,SEA,2021,449295,5604,80760,663798,66000,810558,0,2023-07-28
Bolivia (Plurinational State of),BOL,AMR,2017,361611,169487,1136150,1805685,0,2941835,0,2023-07-28
Bolivia (Plurinational State of),BOL,AMR,2018,2797906,386905,1023160,6020589,0,7043749,0,2023-07-28
Bolivia (Plurinational State of),BOL,AMR,2019,3269144,406058,1855956,5581305,0,7437261,0,2023-07-28
Bolivia (Plurinational State of),BOL,AMR,2020,541083,245299,1569517,1866523,0,3436040,0,2023-07-28
Bolivia (Plurinational State of),BOL,AMR,2021,NA,NA,NA,NA,NA,NA,NA,2023-07-28
Bosnia and Herzegovina,BIH,EUR,2017,3196979,126184,7838341,NA,NA,7838341,NA,2023-07-28
Bosnia and Herzegovina,BIH,EUR,2018,349839,2218262,2750285,1760,0,2752045,0,2023-07-28
Bosnia and Herzegovina,BIH,EUR,2019,NA,NA,41056,NA,NA,41056,NA,2023-07-28
Bosnia and Herzegovina,BIH,EUR,2020,NA,NA,51720,NA,NA,51720,NA,2023-07-28
Bosnia and Herzegovina,BIH,EUR,2021,NA,NA,48003,NA,NA,48003,NA,2023-07-28
Botswana,BWA,AFR,2017,3282818,1000000,6424305,5128513,NA,16552818,5000000,2023-07-28
Botswana,BWA,AFR,2018,2187200,1030000,4190764,1900000,0,6590764,500000,2023-07-28
Botswana,BWA,AFR,2019,80000,108000,5695510,2000000,500000,11195510,3000000,2023-07-28
Botswana,BWA,AFR,2020,1000000,108000,7500000,2500000,0,10603520,603520,2023-07-28
Botswana,BWA,AFR,2021,NA,NA,NA,NA,NA,NA,NA,2023-07-28
Brazil,BRA,AMR,2017,5880252,10434308,46720621,0,NA,46720621,0,2023-07-28
Brazil,BRA,AMR,2018,7142388,778644,35813126,NA,12000,35825126,NA,2023-07-28
Brazil,BRA,AMR,2019,6774730,469186,31904531,0,17000,31921531,0,2023-07-28
Brazil,BRA,AMR,2020,4087862,572635,27676437,0,17000,27693437,0,2023-07-28
Brazil,BRA,AMR,2021,5302933,701488,31689546,0,17000,31706546,0,2023-07-28
British Virgin Islands,VGB,AMR,2017,NA,NA,NA,NA,NA,NA,NA,2023-07-28
British Virgin Islands,VGB,AMR,2018,NA,NA,NA,NA,NA,NA,NA,2023-07-28
British Virgin Islands,VGB,AMR,2019,NA,NA,NA,NA,NA,NA,NA,2023-07-28
British Virgin Islands,VGB,AMR,2020,NA,NA,NA,NA,NA,NA,NA,2023-07-28
British Virgin Islands,VGB,AMR,2021,NA,NA,NA,NA,NA,NA,NA,2023-07-28
Brunei Darussalam,BRN,WPR,2017,NA,NA,NA,NA,NA,NA,NA,2023-07-28
Brunei Darussalam,BRN,WPR,2018,NA,NA,NA,NA,NA,NA,NA,2023-07-28
Brunei Darussalam,BRN,WPR,2019,NA,NA,NA,NA,NA,NA,NA,2023-07-28
Brunei Darussalam,BRN,WPR,2020,NA,NA,NA,NA,NA,NA,NA,2023-07-28
Brunei Darussalam,BRN,WPR,2021,NA,NA,NA,NA,NA,NA,NA,2023-07-28
Bulgaria,BGR,EUR,2017,127769,6679700,6994818,1490198,0,8485016,0,2023-07-28
Bulgaria,BGR,EUR,2018,432654,6179895,6624039,2229652,0,8853691,0,2023-07-28
Bulgaria,BGR,EUR,2019,428792,7586734,8408528,0,0,8408528,0,2023-07-28
Bulgaria,BGR,EUR,2020,82982,4598960,5103460,0,0,5103460,0,2023-07-28
Bulgaria,BGR,EUR,2021,105521,2392907,3101501,0,0,3101501,0,2023-07-28
Burkina Faso,BFA,AFR,2017,NA,110241,64000,1022070,0,1086070,0,2023-07-28
Burkina Faso,BFA,AFR,2018,380274,103779,149796,1582885,NA,1732681,NA,2023-07-28
Burkina Faso,BFA,AFR,2019,1161373,92913,251846,2357374,NA,2609220,NA,2023-07-28
Burkina Faso,BFA,AFR,2020,212110,131265,140000,1296655,0,1436655,0,2023-07-28
Burkina Faso,BFA,AFR,2021,121163,0,139495,1552131,NA,1691626,NA,2023-07-28
Burundi,BDI,AFR,2017,NA,NA,NA,NA,NA,0,0,2023-07-28
Burundi,BDI,AFR,2018,NA,NA,73099,622730,NA,695829,NA,2023-07-28
Burundi,BDI,AFR,2019,331306,201455,112228,887486,516709,1516423,0,2023-07-28
Burundi,BDI,AFR,2020,331306,136732,365257,482094,525487,1372838,0,2023-07-28
Burundi,BDI,AFR,2021,746894,243211,361478,1021786,379390,1762654,0,2023-07-28
Cabo Verde,CPV,AFR,2017,11880,19000,69480,19500,3500,92480,0,2023-07-28
Cabo Verde,CPV,AFR,2018,11000,19000,60000,20662,0,80662,0,2023-07-28
Cabo Verde,CPV,AFR,2019,11000,21600,69500,20000,0,89500,0,2023-07-28
Cabo Verde,CPV,AFR,2020,11000,21600,68800,20000,NA,88800,NA,2023-07-28
Cabo Verde,CPV,AFR,2021,11000,21600,45900,21000,0,66900,0,2023-07-28
Cambodia,KHM,WPR,2017,2598687,3451621,3480769,7257842,2100000,16588611,3750000,2023-07-28
Cambodia,KHM,WPR,2018,1318665,3010474,4559546,2951049,2050000,11260595,1700000,2023-07-28
Cambodia,KHM,WPR,2019,1603700,3347209,5184850,4314045,1700000,11798895,600000,2023-07-28
Cambodia,KHM,WPR,2020,3140000,3400000,5500000,8409851,1705000,16814851,1200000,2023-07-28
Cambodia,KHM,WPR,2021,2900000,3500000,6200000,6000000,590000,14090000,1300000,2023-07-28
Cameroon,CMR,AFR,2017,339858,959152,2177070,3450350,0,5627420,0,2023-07-28
Cameroon,CMR,AFR,2018,1272727,315414,778723,2336170,NA,3114893,NA,2023-07-28
Cameroon,CMR,AFR,2019,785954,651119,666159,3563029,415714,4644902,0,2023-07-28
Cameroon,CMR,AFR,2020,2464204,1777025,1780706,4504012,1050000,7334718,NA,2023-07-28
Cameroon,CMR,AFR,2021,46325,713686,1110435,4601084,1050000,6761519,0,2023-07-28
Canada,CAN,AMR,2017,NA,NA,NA,NA,NA,NA,NA,2023-07-28
Canada,CAN,AMR,2018,NA,NA,NA,NA,NA,NA,NA,2023-07-28
Canada,CAN,AMR,2019,NA,NA,NA,NA,NA,NA,NA,2023-07-28
Canada,CAN,AMR,2020,NA,NA,NA,NA,NA,NA,NA,2023-07-28
Canada,CAN,AMR,2021,NA,NA,NA,NA,NA,NA,NA,2023-07-28
Cayman Islands,CYM,AMR,2017,NA,NA,NA,NA,NA,NA,NA,2023-07-28
Cayman Islands,CYM,AMR,2018,NA,NA,NA,NA,NA,NA,NA,2023-07-28
Cayman Islands,CYM,AMR,2019,NA,NA,NA,NA,NA,NA,NA,2023-07-28
Cayman Islands,CYM,AMR,2020,NA,NA,NA,NA,NA,NA,NA,2023-07-28
Cayman Islands,CYM,AMR,2021,NA,NA,NA,NA,NA,NA,NA,2023-07-28
Central African Republic,CAF,AFR,2017,209160,302582,247481,1205405,NA,1452886,NA,2023-07-28
Central African Republic,CAF,AFR,2018,209160,302582,761742,1483494,40800,2303260,17224,2023-07-28
Central African Republic,CAF,AFR,2019,219619,317711,761742,942771,60000,1834513,70000,2023-07-28
Central African Republic,CAF,AFR,2020,445894,384873,695404,1230691,72000,2178095,180000,2023-07-28
Central African Republic,CAF,AFR,2021,NA,NA,NA,NA,NA,NA,NA,2023-07-28
Chad,TCD,AFR,2017,114892,65911,NA,2418421,NA,2418421,NA,2023-07-28
Chad,TCD,AFR,2018,134850,120106,234691,1670898,0,1905589,0,2023-07-28
Chad,TCD,AFR,2019,660238,119724,100000,1989218,7000,2096218,0,2023-07-28
Chad,TCD,AFR,2020,NA,NA,NA,NA,NA,NA,NA,2023-07-28
Chad,TCD,AFR,2021,NA,NA,NA,NA,NA,NA,NA,2023-07-28
Chile,CHL,AMR,2017,NA,NA,NA,NA,NA,NA,NA,2023-07-28
Chile,CHL,AMR,2018,NA,NA,NA,NA,NA,NA,NA,2023-07-28
Chile,CHL,AMR,2019,NA,NA,NA,NA,NA,NA,NA,2023-07-28
Chile,CHL,AMR,2020,NA,NA,NA,NA,NA,NA,NA,2023-07-28
Chile,CHL,AMR,2021,NA,NA,NA,NA,NA,NA,NA,2023-07-28
China,CHN,WPR,2017,8534017,129031725,415620436,NA,10975864,426596300,NA,2023-07-28
China,CHN,WPR,2018,8776119,137934914,559260055,0,10075277,569335332,0,2023-07-28
China,CHN,WPR,2019,10816901,146348944,629915296,NA,5160563,635075859,NA,2023-07-28
China,CHN,WPR,2020,16750000,155129881,784448658,NA,289089,784737747,NA,2023-07-28
China,CHN,WPR,2021,3862928,158697868,792209456,NA,144549,792354005,NA,2023-07-28
"China, Hong Kong SAR",HKG,WPR,2017,NA,NA,NA,NA,NA,NA,NA,2023-07-28
"China, Hong Kong SAR",HKG,WPR,2018,NA,NA,NA,NA,NA,NA,NA,2023-07-28
"China, Hong Kong SAR",HKG,WPR,2019,NA,NA,NA,NA,NA,NA,NA,2023-07-28
"China, Hong Kong SAR",HKG,WPR,2020,NA,NA,NA,NA,NA,NA,NA,2023-07-28
"China, Hong Kong SAR",HKG,WPR,2021,NA,NA,NA,NA,NA,NA,NA,2023-07-28
"China, Macao SAR",MAC,WPR,2017,NA,NA,NA,NA,NA,NA,NA,2023-07-28
"China, Macao SAR",MAC,WPR,2018,NA,NA,NA,NA,NA,NA,NA,2023-07-28
"China, Macao SAR",MAC,WPR,2019,NA,NA,NA,NA,NA,NA,NA,2023-07-28
"China, Macao SAR",MAC,WPR,2020,NA,NA,NA,NA,NA,NA,NA,2023-07-28
"China, Macao SAR",MAC,WPR,2021,NA,NA,NA,NA,NA,NA,NA,2023-07-28
Colombia,COL,AMR,2017,84000,1700000,3776805,210480,5400,3992685,0,2023-07-28
Colombia,COL,AMR,2018,84000,1700000,3992685,NA,NA,3992685,NA,2023-07-28
Colombia,COL,AMR,2019,312500,1827500,5813542,0,0,5813542,0,2023-07-28
Colombia,COL,AMR,2020,312500,1827500,4100000,0,46624,4146624,0,2023-07-28
Colombia,COL,AMR,2021,325000,1827500,4142180,0,0,4142180,0,2023-07-28
Comoros,COM,AFR,2017,NA,NA,NA,NA,NA,NA,NA,2023-07-28
Comoros,COM,AFR,2018,NA,NA,NA,NA,NA,NA,NA,2023-07-28
Comoros,COM,AFR,2019,NA,NA,NA,NA,NA,NA,NA,2023-07-28
Comoros,COM,AFR,2020,NA,NA,NA,NA,NA,NA,NA,2023-07-28
Comoros,COM,AFR,2021,NA,NA,NA,NA,NA,NA,NA,2023-07-28
Congo,COG,AFR,2017,90738,0,1091802,275440,0,1367242,0,2023-07-28
Congo,COG,AFR,2018,82853,4961,113809,610062,0,723871,0,2023-07-28
Congo,COG,AFR,2019,2184237,2520708,964056,5580454,0,6544510,0,2023-07-28
Congo,COG,AFR,2020,2184237,2520708,154516,5580454,NA,5734970,NA,2023-07-28
Congo,COG,AFR,2021,750042,1672829,2851916,1040622,0,3892538,0,2023-07-28
Cook Islands,COK,WPR,2017,NA,NA,NA,NA,NA,NA,NA,2023-07-28
Cook Islands,COK,WPR,2018,NA,NA,NA,NA,NA,NA,NA,2023-07-28
Cook Islands,COK,WPR,2019,NA,NA,NA,NA,NA,NA,NA,2023-07-28
Cook Islands,COK,WPR,2020,NA,NA,NA,NA,NA,NA,NA,2023-07-28
Cook Islands,COK,WPR,2021,NA,NA,NA,NA,NA,NA,NA,2023-07-28
Costa Rica,CRI,AMR,2017,NA,NA,NA,NA,NA,NA,NA,2023-07-28
Costa Rica,CRI,AMR,2018,NA,NA,NA,NA,NA,NA,NA,2023-07-28
Costa Rica,CRI,AMR,2019,NA,NA,NA,NA,NA,NA,NA,2023-07-28
Costa Rica,CRI,AMR,2020,NA,NA,NA,NA,NA,NA,NA,2023-07-28
Costa Rica,CRI,AMR,2021,NA,NA,NA,NA,NA,NA,NA,2023-07-28
Côte d'Ivoire,CIV,AFR,2017,3077097,617438,1473336,7274518,283818,9031672,0,2023-07-28
Côte d'Ivoire,CIV,AFR,2018,718382,590349,511527,3689694,NA,4387613,186392,2023-07-28
Côte d'Ivoire,CIV,AFR,2019,706622,445004,3385149,2735744,593034,6713927,0,2023-07-28
Côte d'Ivoire,CIV,AFR,2020,934207,856459,3530450,6167972,241625,9940047,0,2023-07-28
Côte d'Ivoire,CIV,AFR,2021,1347236,549516,7416107,4320698,451018,12187823,0,2023-07-28
Croatia,HRV,EUR,2017,NA,NA,NA,NA,NA,NA,NA,2023-07-28
Croatia,HRV,EUR,2018,NA,NA,NA,NA,NA,NA,NA,2023-07-28
Croatia,HRV,EUR,2019,NA,NA,NA,NA,NA,NA,NA,2023-07-28
Croatia,HRV,EUR,2020,NA,NA,NA,NA,NA,NA,NA,2023-07-28
Croatia,HRV,EUR,2021,NA,NA,NA,NA,NA,NA,NA,2023-07-28
Cuba,CUB,AMR,2017,NA,NA,NA,NA,NA,NA,NA,2023-07-28
Cuba,CUB,AMR,2018,NA,NA,NA,NA,NA,NA,NA,2023-07-28
Cuba,CUB,AMR,2019,NA,NA,NA,NA,NA,NA,NA,2023-07-28
Cuba,CUB,AMR,2020,NA,NA,NA,NA,NA,NA,NA,2023-07-28
Cuba,CUB,AMR,2021,NA,NA,NA,NA,NA,NA,NA,2023-07-28
Curaçao,CUW,AMR,2017,NA,NA,NA,NA,NA,NA,NA,2023-07-28
Curaçao,CUW,AMR,2018,NA,NA,NA,NA,NA,NA,NA,2023-07-28
Curaçao,CUW,AMR,2019,NA,NA,NA,NA,NA,NA,NA,2023-07-28
Curaçao,CUW,AMR,2020,NA,NA,NA,NA,NA,NA,NA,2023-07-28
Curaçao,CUW,AMR,2021,NA,NA,NA,NA,NA,NA,NA,2023-07-28
Cyprus,CYP,EUR,2017,NA,NA,NA,NA,NA,NA,NA,2023-07-28
Cyprus,CYP,EUR,2018,NA,NA,NA,NA,NA,NA,NA,2023-07-28
Cyprus,CYP,EUR,2019,NA,NA,NA,NA,NA,NA,NA,2023-07-28
Cyprus,CYP,EUR,2020,NA,NA,NA,NA,NA,NA,NA,2023-07-28
Cyprus,CYP,EUR,2021,NA,NA,NA,NA,NA,NA,NA,2023-07-28
Czechia,CZE,EUR,2017,NA,NA,NA,NA,NA,NA,NA,2023-07-28
Czechia,CZE,EUR,2018,NA,NA,NA,NA,NA,NA,NA,2023-07-28
Czechia,CZE,EUR,2019,NA,NA,NA,NA,NA,NA,NA,2023-07-28
Czechia,CZE,EUR,2020,NA,NA,NA,NA,NA,NA,NA,2023-07-28
Czechia,CZE,EUR,2021,NA,NA,NA,NA,NA,NA,NA,2023-07-28
Democratic People's Republic of Korea,PRK,SEA,2017,664390,2534070,5600920,6630040,1195560,13426520,0,2023-07-28
Democratic People's Republic of Korea,PRK,SEA,2018,365900,2517300,5702200,3713700,1072900,10488800,NA,2023-07-28
Democratic People's Republic of Korea,PRK,SEA,2019,395532,2580600,5865000,1579312,6407638,13851950,0,2023-07-28
Democratic People's Republic of Korea,PRK,SEA,2020,2347653,2644000,6009200,14730153,0,20739353,0,2023-07-28
Democratic People's Republic of Korea,PRK,SEA,2021,1582935,2666600,7598300,1568620,0,9166920,0,2023-07-28
Democratic Republic of the Congo,COD,AFR,2017,2957757,2147644,187660,14342309,5775095,23721342,3416278,2023-07-28
Democratic Republic of the Congo,COD,AFR,2018,2749494,1625684,551800,11246710,5782655,24304949,6723784,2023-07-28
Democratic Republic of the Congo,COD,AFR,2019,1466023,1828733,1711406,16431571,5858316,26244256,2242963,2023-07-28
Democratic Republic of the Congo,COD,AFR,2020,1373643,1613340,1070910,18548464,2921470,24783807,2242963,2023-07-28
Democratic Republic of the Congo,COD,AFR,2021,1756340,2585213,2107572,15045581,1898822,25861366,6809391,2023-07-28
Denmark,DNK,EUR,2017,NA,NA,NA,NA,NA,NA,NA,2023-07-28
Denmark,DNK,EUR,2018,NA,NA,NA,NA,NA,NA,NA,2023-07-28
Denmark,DNK,EUR,2019,NA,NA,NA,NA,NA,NA,NA,2023-07-28
Denmark,DNK,EUR,2020,NA,NA,NA,NA,NA,NA,NA,2023-07-28
Denmark,DNK,EUR,2021,NA,NA,NA,NA,NA,NA,NA,2023-07-28
Djibouti,DJI,EMR,2017,545080,55188,NA,1673716,54100,1727816,NA,2023-07-28
Djibouti,DJI,EMR,2018,4369,120575,NA,701972,NA,701972,0,2023-07-28
Djibouti,DJI,EMR,2019,NA,NA,NA,NA,NA,NA,NA,2023-07-28
Djibouti,DJI,EMR,2020,NA,NA,NA,NA,NA,NA,NA,2023-07-28
Djibouti,DJI,EMR,2021,NA,NA,NA,NA,NA,NA,NA,2023-07-28
Dominica,DMA,AMR,2017,NA,NA,NA,NA,NA,NA,NA,2023-07-28
Dominica,DMA,AMR,2018,NA,NA,NA,NA,NA,NA,NA,2023-07-28
Dominica,DMA,AMR,2019,NA,NA,NA,NA,NA,NA,NA,2023-07-28
Dominica,DMA,AMR,2020,NA,NA,NA,NA,NA,NA,NA,2023-07-28
Dominica,DMA,AMR,2021,NA,NA,NA,NA,NA,NA,NA,2023-07-28
Dominican Republic,DOM,AMR,2017,176496,10420239,12111105,1867510,0,14058615,80000,2023-07-28
Dominican Republic,DOM,AMR,2018,481437,10941251,16047736,2886806,0,19014542,80000,2023-07-28
Dominican Republic,DOM,AMR,2019,1086530,12102109,15856292,1439564,25000,17320856,0,2023-07-28
Dominican Republic,DOM,AMR,2020,1500000,12563670,17549090,500000,448900,18539990,42000,2023-07-28
Dominican Republic,DOM,AMR,2021,2016573,13820,3230143,830801,56282,4117226,0,2023-07-28
Ecuador,ECU,AMR,2017,NA,NA,NA,NA,NA,NA,NA,2023-07-28
Ecuador,ECU,AMR,2018,92243,NA,530111,NA,NA,530111,NA,2023-07-28
Ecuador,ECU,AMR,2019,NA,NA,826078,0,0,826078,0,2023-07-28
Ecuador,ECU,AMR,2020,0,0,521411,0,0,521411,0,2023-07-28
Ecuador,ECU,AMR,2021,0,NA,620629,0,0,620629,0,2023-07-28
Egypt,EGY,EMR,2017,0,0,134337,0,100511,234848,0,2023-07-28
Egypt,EGY,EMR,2018,NA,NA,NA,NA,NA,NA,NA,2023-07-28
Egypt,EGY,EMR,2019,NA,NA,NA,NA,NA,NA,NA,2023-07-28
Egypt,EGY,EMR,2020,NA,NA,NA,NA,NA,NA,NA,2023-07-28
Egypt,EGY,EMR,2021,NA,NA,NA,NA,NA,NA,NA,2023-07-28
El Salvador,SLV,AMR,2017,358367,1226258,1398452,2416245,10000,3824697,0,2023-07-28
El Salvador,SLV,AMR,2018,834641,5228265,9580119,4453263,0,14033382,0,2023-07-28
El Salvador,SLV,AMR,2019,419763,6048504,10386530,1485863,0,11872393,0,2023-07-28
El Salvador,SLV,AMR,2020,873092,4069039,4835706,1731553,0,6567259,0,2023-07-28
El Salvador,SLV,AMR,2021,2587212,3022826,7520157,1283320,0,8803477,0,2023-07-28
Equatorial Guinea,GNQ,AFR,2017,NA,NA,NA,NA,NA,NA,NA,2023-07-28
Equatorial Guinea,GNQ,AFR,2018,101000,60000,329000,NA,NA,329000,NA,2023-07-28
Equatorial Guinea,GNQ,AFR,2019,5000,60000,48000,0,141000,189000,0,2023-07-28
Equatorial Guinea,GNQ,AFR,2020,20000,65895,161112,0,122783,283895,0,2023-07-28
Equatorial Guinea,GNQ,AFR,2021,20000,77007,270007,0,100000,370007,0,2023-07-28
Eritrea,ERI,AFR,2017,NA,NA,NA,1666272,10000,1676272,0,2023-07-28
Eritrea,ERI,AFR,2018,489533,NA,NA,1364844,NA,1364844,NA,2023-07-28
Eritrea,ERI,AFR,2019,573626,NA,NA,1404489,NA,1404489,NA,2023-07-28
Eritrea,ERI,AFR,2020,560545,NA,NA,1597303,NA,1597303,NA,2023-07-28
Eritrea,ERI,AFR,2021,710939,144000,0,1597303,0,1597303,0,2023-07-28
Estonia,EST,EUR,2017,17994,42400,1168034,NA,NA,1168034,NA,2023-07-28
Estonia,EST,EUR,2018,18000,42000,950463,NA,NA,950463,NA,2023-07-28
Estonia,EST,EUR,2019,18000,41700,950700,0,0,950700,0,2023-07-28
Estonia,EST,EUR,2020,NA,NA,NA,NA,NA,NA,NA,2023-07-28
Estonia,EST,EUR,2021,NA,NA,NA,NA,NA,NA,NA,2023-07-28
Eswatini,SWZ,AFR,2017,1109255,2152189,3302926,9281755,1684270,14268951,NA,2023-07-28
Eswatini,SWZ,AFR,2018,1962385,3413965,1738295,5713115,7600807,15052217,NA,2023-07-28
Eswatini,SWZ,AFR,2019,942154,2221192,4591623,4725781,484735,12267201,2465062,2023-07-28
Eswatini,SWZ,AFR,2020,963752,3161702,1331704,5189753,217397,9898362,3159508,2023-07-28
Eswatini,SWZ,AFR,2021,1061088,1782721,538719,7782407,139777,12801837,4340934,2023-07-28
Ethiopia,ETH,AFR,2017,13747691,7750170,9626945,20829930,1566165,48495780,16472740,2023-07-28
Ethiopia,ETH,AFR,2018,8864518,7382626,10190096,16793725,3943632,41953353,11025900,2023-07-28
Ethiopia,ETH,AFR,2019,6780166,7817450,10319328,13388780,3313665,38469087,11447314,2023-07-28
Ethiopia,ETH,AFR,2020,6185031,9463680,9303503,13057257,2943842,37653602,12349000,2023-07-28
Ethiopia,ETH,AFR,2021,10346308,6565608,7092953,43726228,5060569,68439750,12560000,2023-07-28
Fiji,FJI,WPR,2017,NA,NA,NA,NA,NA,NA,NA,2023-07-28
Fiji,FJI,WPR,2018,NA,750000,726000,314000,40000,1080000,NA,2023-07-28
Fiji,FJI,WPR,2019,25000,450000,652000,NA,30000,682000,NA,2023-07-28
Fiji,FJI,WPR,2020,25000,450000,664000,NA,30000,694000,NA,2023-07-28
Fiji,FJI,WPR,2021,25000,450000,652000,NA,30000,682000,NA,2023-07-28
Finland,FIN,EUR,2017,NA,NA,NA,NA,NA,NA,NA,2023-07-28
Finland,FIN,EUR,2018,NA,NA,NA,NA,NA,NA,NA,2023-07-28
Finland,FIN,EUR,2019,NA,NA,NA,NA,NA,NA,NA,2023-07-28
Finland,FIN,EUR,2020,NA,NA,NA,NA,NA,NA,NA,2023-07-28
Finland,FIN,EUR,2021,NA,NA,NA,NA,NA,NA,NA,2023-07-28
France,FRA,EUR,2017,NA,NA,NA,NA,NA,NA,NA,2023-07-28
France,FRA,EUR,2018,NA,NA,NA,NA,NA,NA,NA,2023-07-28
France,FRA,EUR,2019,NA,NA,NA,NA,NA,NA,NA,2023-07-28
France,FRA,EUR,2020,NA,NA,NA,NA,NA,NA,NA,2023-07-28
France,FRA,EUR,2021,NA,NA,NA,NA,NA,NA,NA,2023-07-28
French Polynesia,PYF,WPR,2017,NA,NA,NA,NA,NA,NA,NA,2023-07-28
French Polynesia,PYF,WPR,2018,NA,NA,NA,NA,NA,NA,NA,2023-07-28
French Polynesia,PYF,WPR,2019,NA,NA,NA,NA,NA,NA,NA,2023-07-28
French Polynesia,PYF,WPR,2020,NA,NA,NA,NA,NA,NA,NA,2023-07-28
French Polynesia,PYF,WPR,2021,NA,NA,NA,NA,NA,NA,NA,2023-07-28
Gabon,GAB,AFR,2017,NA,NA,NA,NA,NA,NA,NA,2023-07-28
Gabon,GAB,AFR,2018,224869,145217,421711,2252213,0,2673924,0,2023-07-28
Gabon,GAB,AFR,2019,60576,62267,562292,253253,21673,837218,NA,2023-07-28
Gabon,GAB,AFR,2020,5365,0,362340,231461,15996,609797,0,2023-07-28
Gabon,GAB,AFR,2021,275880,1302540,1773821,2003436,51187,3828444,0,2023-07-28
Gambia,GMB,AFR,2017,NA,NA,NA,NA,NA,NA,NA,2023-07-28
Gambia,GMB,AFR,2018,NA,NA,NA,NA,NA,NA,NA,2023-07-28
Gambia,GMB,AFR,2019,147210,131654,0,699837,16915,716752,0,2023-07-28
Gambia,GMB,AFR,2020,NA,NA,NA,NA,NA,NA,NA,2023-07-28
Gambia,GMB,AFR,2021,267313,20429,0,1380605,0,1380605,0,2023-07-28
Georgia,GEO,EUR,2017,1734483,1060490,5027546,5705060,4146553,14948819,69660,2023-07-28
Georgia,GEO,EUR,2018,2520952,1152020,5407079,5312784,1804030,12644169,120276,2023-07-28
Georgia,GEO,EUR,2019,3225844,696504,4643963,6723107,1203872,12861051,290109,2023-07-28
Georgia,GEO,EUR,2020,1402700,782037,4042274,2944476,1663529,8650279,0,2023-07-28
Georgia,GEO,EUR,2021,957923,896901,3787331,2205522,963121,6955974,0,2023-07-28
Germany,DEU,EUR,2017,NA,NA,NA,NA,NA,NA,NA,2023-07-28
Germany,DEU,EUR,2018,NA,NA,NA,NA,NA,NA,NA,2023-07-28
Germany,DEU,EUR,2019,NA,NA,NA,NA,NA,NA,NA,2023-07-28
Germany,DEU,EUR,2020,NA,NA,NA,NA,NA,NA,NA,2023-07-28
Germany,DEU,EUR,2021,NA,NA,NA,NA,NA,NA,NA,2023-07-28
Ghana,GHA,AFR,2017,7742489,2152988,4159067,13115910,0,17424977,150000,2023-07-28
Ghana,GHA,AFR,2018,4369678,1640726,3011486,5634119,167591,8963196,150000,2023-07-28
Ghana,GHA,AFR,2019,4846333,3215911,4933773,7415489,21262,12520524,150000,2023-07-28
Ghana,GHA,AFR,2020,2513303,1897940,1582000,7336850,0,9068850,150000,2023-07-28
Ghana,GHA,AFR,2021,3340458,1506559,700773,7045023,NA,7895796,150000,2023-07-28
Greece,GRC,EUR,2017,NA,NA,NA,NA,NA,NA,NA,2023-07-28
Greece,GRC,EUR,2018,NA,NA,NA,NA,NA,NA,NA,2023-07-28
Greece,GRC,EUR,2019,NA,NA,NA,NA,NA,NA,NA,2023-07-28
Greece,GRC,EUR,2020,NA,NA,NA,NA,NA,NA,NA,2023-07-28
Greece,GRC,EUR,2021,NA,NA,NA,NA,NA,NA,NA,2023-07-28
Greenland,GRL,EUR,2017,NA,NA,NA,NA,NA,NA,NA,2023-07-28
Greenland,GRL,EUR,2018,NA,NA,NA,NA,NA,NA,NA,2023-07-28
Greenland,GRL,EUR,2019,NA,NA,NA,NA,NA,NA,NA,2023-07-28
Greenland,GRL,EUR,2020,NA,NA,NA,NA,NA,NA,NA,2023-07-28
Greenland,GRL,EUR,2021,NA,NA,NA,NA,NA,NA,NA,2023-07-28
Grenada,GRD,AMR,2017,NA,NA,NA,NA,NA,NA,NA,2023-07-28
Grenada,GRD,AMR,2018,NA,NA,NA,NA,NA,NA,NA,2023-07-28
Grenada,GRD,AMR,2019,NA,NA,NA,NA,NA,NA,NA,2023-07-28
Grenada,GRD,AMR,2020,NA,NA,NA,NA,NA,NA,NA,2023-07-28
Grenada,GRD,AMR,2021,NA,NA,NA,NA,NA,NA,NA,2023-07-28
Guam,GUM,WPR,2017,NA,NA,NA,NA,NA,NA,NA,2023-07-28
Guam,GUM,WPR,2018,NA,NA,NA,NA,NA,NA,NA,2023-07-28
Guam,GUM,WPR,2019,NA,NA,NA,NA,NA,NA,NA,2023-07-28
Guam,GUM,WPR,2020,NA,NA,NA,NA,NA,NA,NA,2023-07-28
Guam,GUM,WPR,2021,NA,NA,NA,NA,NA,NA,NA,2023-07-28
Guatemala,GTM,AMR,2017,366003,1080860,1693487,1108172,NA,2801659,NA,2023-07-28
Guatemala,GTM,AMR,2018,949664,1400048,2348703,2012615,0,4361318,0,2023-07-28
Guatemala,GTM,AMR,2019,1439906,995998,2868327,2471128,NA,5339455,NA,2023-07-28
Guatemala,GTM,AMR,2020,1247398,1011469,2868327,2389705,0,5258032,0,2023-07-28
Guatemala,GTM,AMR,2021,1313911,635340,2844241,1418453,NA,4262694,NA,2023-07-28
Guinea,GIN,AFR,2017,700000,68722,785806,1392905,458406,2637117,0,2023-07-28
Guinea,GIN,AFR,2018,1293514,75184,597231,1394727,442272,2434230,0,2023-07-28
Guinea,GIN,AFR,2019,1293514,75184,662661,1394727,529431,2586819,0,2023-07-28
Guinea,GIN,AFR,2020,2305360,78185,581193,1938349,807913,3327455,0,2023-07-28
Guinea,GIN,AFR,2021,85600,82300,481193,1791582,206949,2479724,0,2023-07-28
Guinea-Bissau,GNB,AFR,2017,129953,328650,100000,2247276,9927,2357203,NA,2023-07-28
Guinea-Bissau,GNB,AFR,2018,34007,457369,321965,1813564,2500,2138029,NA,2023-07-28
Guinea-Bissau,GNB,AFR,2019,134517,584350,171200,2374463,11350,2557013,0,2023-07-28
Guinea-Bissau,GNB,AFR,2020,65740,518490,100000,1534277,4000,1638277,0,2023-07-28
Guinea-Bissau,GNB,AFR,2021,300517,554350,100000,2457013,0,2557013,0,2023-07-28
Guyana,GUY,AMR,2017,59816,508664,631939,488710,0,1120649,0,2023-07-28
Guyana,GUY,AMR,2018,15290,443962,1006103,306138,0,1312241,0,2023-07-28
Guyana,GUY,AMR,2019,63101,473510,900841,364043,0,1264884,0,2023-07-28
Guyana,GUY,AMR,2020,27285,534250,1031149,204082,0,1235231,0,2023-07-28
Guyana,GUY,AMR,2021,53314,596899,887748,222872,0,1110620,0,2023-07-28
Haiti,HTI,AMR,2017,744465,2450460,1175897,7464015,585000,9224912,NA,2023-07-28
Haiti,HTI,AMR,2018,666079,1477640,1175897,4868118,125010,6169025,NA,2023-07-28
Haiti,HTI,AMR,2019,405212,1684915,481113,8114914,1369934,9965961,NA,2023-07-28
Haiti,HTI,AMR,2020,1327404,1553987,240556,9456445,394743,10091744,NA,2023-07-28
Haiti,HTI,AMR,2021,469760,961752,103755,3745398,207511,4056664,NA,2023-07-28
Honduras,HND,AMR,2017,499966,2784859,2703575,2494435,111996,5310006,0,2023-07-28
Honduras,HND,AMR,2018,213627,2506893,2427191,1132049,112110,3671350,0,2023-07-28
Honduras,HND,AMR,2019,1621452,2734838,2634606,4358170,113171,7105947,0,2023-07-28
Honduras,HND,AMR,2020,6000,687054,1628512,403752,0,2032264,0,2023-07-28
Honduras,HND,AMR,2021,293011,0,177866,476520,NA,654386,NA,2023-07-28
Hungary,HUN,EUR,2017,NA,NA,NA,NA,NA,NA,NA,2023-07-28
Hungary,HUN,EUR,2018,NA,NA,NA,NA,NA,NA,NA,2023-07-28
Hungary,HUN,EUR,2019,NA,NA,NA,NA,NA,NA,NA,2023-07-28
Hungary,HUN,EUR,2020,NA,NA,NA,NA,NA,NA,NA,2023-07-28
Hungary,HUN,EUR,2021,NA,NA,NA,NA,NA,NA,NA,2023-07-28
Iceland,ISL,EUR,2017,NA,NA,NA,NA,NA,NA,NA,2023-07-28
Iceland,ISL,EUR,2018,NA,NA,NA,NA,NA,NA,NA,2023-07-28
Iceland,ISL,EUR,2019,NA,NA,NA,NA,NA,NA,NA,2023-07-28
Iceland,ISL,EUR,2020,NA,NA,NA,NA,NA,NA,NA,2023-07-28
Iceland,ISL,EUR,2021,NA,NA,NA,NA,NA,NA,NA,2023-07-28
India,IND,SEA,2017,75474873,73507305,277874227,167198354,1000000,448358295,2285714,2023-07-28
India,IND,SEA,2018,48003093,108223951,324710527,85360000,55761662,483162189,17330000,2023-07-28
India,IND,SEA,2019,55733796,91780700,345897014,63444945,3925700,432567659,19300000,2023-07-28
India,IND,SEA,2020,53748665,81543217,313258754,57878793,4922741,395044288,18984000,2023-07-28
India,IND,SEA,2021,75120740,39795347,143040058,119332454,19403484,296775986,14999990,2023-07-28
Indonesia,IDN,SEA,2017,18359644,22469678,43257778,49296849,0,101571241,9016614,2023-07-28
Indonesia,IDN,SEA,2018,33485627,5756727,52200556,39928671,3927710,105980217,9923280,2023-07-28
Indonesia,IDN,SEA,2019,21039370,8816295,62180822,30376612,650240,94636500,1428826,2023-07-28
Indonesia,IDN,SEA,2020,41509092,9613014,43704258,64146143,0,115362919,7512518,2023-07-28
Indonesia,IDN,SEA,2021,68872895,11807118,92430890,68107791,998995,171665464,10127788,2023-07-28
Iran (Islamic Republic of),IRN,EMR,2017,NA,NA,NA,NA,NA,NA,NA,2023-07-28
Iran (Islamic Republic of),IRN,EMR,2018,NA,NA,816256,0,0,816256,0,2023-07-28
Iran (Islamic Republic of),IRN,EMR,2019,NA,NA,1219581,NA,NA,1219581,NA,2023-07-28
Iran (Islamic Republic of),IRN,EMR,2020,NA,NA,1147056,NA,NA,1147056,NA,2023-07-28
Iran (Islamic Republic of),IRN,EMR,2021,NA,NA,NA,NA,NA,NA,NA,2023-07-28
Iraq,IRQ,EMR,2017,1000000,18000000,19570000,2000000,0,21570000,0,2023-07-28
Iraq,IRQ,EMR,2018,1000000,18000000,19910000,1500000,0,21410000,0,2023-07-28
Iraq,IRQ,EMR,2019,1000000,17141000,19968000,780000,0,20748000,0,2023-07-28
Iraq,IRQ,EMR,2020,1000000,17141000,19968000,780000,0,20748000,0,2023-07-28
Iraq,IRQ,EMR,2021,1000000,17141000,19918000,780000,0,20698000,0,2023-07-28
Ireland,IRL,EUR,2017,NA,NA,NA,NA,NA,NA,NA,2023-07-28
Ireland,IRL,EUR,2018,NA,NA,NA,NA,NA,NA,NA,2023-07-28
Ireland,IRL,EUR,2019,NA,NA,NA,NA,NA,NA,NA,2023-07-28
Ireland,IRL,EUR,2020,NA,NA,NA,NA,NA,NA,NA,2023-07-28
Ireland,IRL,EUR,2021,NA,NA,NA,NA,NA,NA,NA,2023-07-28
Israel,ISR,EUR,2017,NA,NA,NA,NA,NA,NA,NA,2023-07-28
Israel,ISR,EUR,2018,NA,NA,NA,NA,NA,NA,NA,2023-07-28
Israel,ISR,EUR,2019,NA,NA,NA,NA,NA,NA,NA,2023-07-28
Israel,ISR,EUR,2020,NA,NA,NA,NA,NA,NA,NA,2023-07-28
Israel,ISR,EUR,2021,NA,NA,NA,NA,NA,NA,NA,2023-07-28
Italy,ITA,EUR,2017,NA,NA,NA,NA,NA,NA,NA,2023-07-28
Italy,ITA,EUR,2018,NA,NA,NA,NA,NA,NA,NA,2023-07-28
Italy,ITA,EUR,2019,NA,NA,NA,NA,NA,NA,NA,2023-07-28
Italy,ITA,EUR,2020,NA,NA,NA,NA,NA,NA,NA,2023-07-28
Italy,ITA,EUR,2021,NA,NA,NA,NA,NA,NA,NA,2023-07-28
Jamaica,JAM,AMR,2017,NA,NA,NA,0,NA,0,0,2023-07-28
Jamaica,JAM,AMR,2018,NA,NA,22184,0,0,22184,0,2023-07-28
Jamaica,JAM,AMR,2019,NA,NA,NA,0,NA,0,0,2023-07-28
Jamaica,JAM,AMR,2020,NA,NA,NA,0,NA,0,0,2023-07-28
Jamaica,JAM,AMR,2021,NA,NA,NA,0,NA,0,0,2023-07-28
Japan,JPN,WPR,2017,NA,NA,NA,NA,NA,NA,NA,2023-07-28
Japan,JPN,WPR,2018,NA,NA,NA,NA,NA,NA,NA,2023-07-28
Japan,JPN,WPR,2019,NA,NA,NA,NA,NA,NA,NA,2023-07-28
Japan,JPN,WPR,2020,NA,NA,NA,NA,NA,NA,NA,2023-07-28
Japan,JPN,WPR,2021,NA,NA,NA,NA,NA,NA,NA,2023-07-28
Jordan,JOR,EMR,2017,69000,1152000,1460000,248750,15000,1723750,0,2023-07-28
Jordan,JOR,EMR,2018,140000,1300000,1609500,137950,15000,1762450,0,2023-07-28
Jordan,JOR,EMR,2019,150000,1700000,1700000,722300,15000,2437300,0,2023-07-28
Jordan,JOR,EMR,2020,70000,1250000,600000,900000,216000,1716000,0,2023-07-28
Jordan,JOR,EMR,2021,203772,NA,NA,2532454,NA,2532454,NA,2023-07-28
Kazakhstan,KAZ,EUR,2017,2601703,89751220,117299985,10666287,2118878,130085150,0,2023-07-28
Kazakhstan,KAZ,EUR,2018,2372849,36397886,129553638,6267785,2306998,138394274,265853,2023-07-28
Kazakhstan,KAZ,EUR,2019,6763194,44484408,117456856,5548657,1449407,124773920,319000,2023-07-28
Kazakhstan,KAZ,EUR,2020,4848438,58854230,104811602,5257491,113645,110296383,113645,2023-07-28
Kazakhstan,KAZ,EUR,2021,5271357,54133463,114164018,2503754,94050,119011822,2250000,2023-07-28
Kenya,KEN,AFR,2017,1451654,11759650,12916437,13835149,NA,26804131,52545,2023-07-28
Kenya,KEN,AFR,2018,1439814,14249128,15411557,6513419,NA,26275860,4350884,2023-07-28
Kenya,KEN,AFR,2019,9993968,17527951,21427546,25033177,80086,52640809,6100000,2023-07-28
Kenya,KEN,AFR,2020,3444220,12634563,13664832,15817874,NA,34169897,4687191,2023-07-28
Kenya,KEN,AFR,2021,3538985,12926197,14679935,7772325,670571,29791042,6668211,2023-07-28
Kiribati,KIR,WPR,2017,26000,90000,0,104280,95480,199760,0,2023-07-28
Kiribati,KIR,WPR,2018,40698,214160,NA,148474,308222,456696,NA,2023-07-28
Kiribati,KIR,WPR,2019,NA,NA,NA,NA,NA,NA,NA,2023-07-28
Kiribati,KIR,WPR,2020,NA,81413,NA,160036,NA,160036,NA,2023-07-28
Kiribati,KIR,WPR,2021,23324,375922,129460,114038,245871,489369,NA,2023-07-28
Kuwait,KWT,EMR,2017,NA,NA,NA,NA,NA,NA,NA,2023-07-28
Kuwait,KWT,EMR,2018,NA,NA,NA,NA,NA,NA,NA,2023-07-28
Kuwait,KWT,EMR,2019,NA,NA,NA,NA,NA,NA,NA,2023-07-28
Kuwait,KWT,EMR,2020,NA,NA,NA,NA,NA,NA,NA,2023-07-28
Kuwait,KWT,EMR,2021,NA,NA,NA,NA,NA,NA,NA,2023-07-28
Kyrgyzstan,KGZ,EUR,2017,1559795,6236263,11718895,7476973,1048420,24688352,4444064,2023-07-28
Kyrgyzstan,KGZ,EUR,2018,1258373,117266,124585,5356734,329847,11571268,5760102,2023-07-28
Kyrgyzstan,KGZ,EUR,2019,1148568,5458278,8221399,6588542,518842,15328783,0,2023-07-28
Kyrgyzstan,KGZ,EUR,2020,1492880,181812,8777791,6871796,NA,17273868,1624281,2023-07-28
Kyrgyzstan,KGZ,EUR,2021,945261,85152,7645202,2812611,180000,12676719,2038906,2023-07-28
Lao People's Democratic Republic,LAO,WPR,2017,622228,519776,0,2586887,0,2586887,0,2023-07-28
Lao People's Democratic Republic,LAO,WPR,2018,889214,578998,586586,2991080,0,3577666,0,2023-07-28
Lao People's Democratic Republic,LAO,WPR,2019,1571997,255974,658422,2978169,0,3636591,0,2023-07-28
Lao People's Democratic Republic,LAO,WPR,2020,1316991,258867,377077,3164640,0,3541717,0,2023-07-28
Lao People's Democratic Republic,LAO,WPR,2021,598281,139690,687973,1318518,0,2006491,0,2023-07-28
Latvia,LVA,EUR,2017,NA,NA,2185827,NA,NA,2185827,NA,2023-07-28
Latvia,LVA,EUR,2018,NA,NA,2216505,NA,NA,2216505,NA,2023-07-28
Latvia,LVA,EUR,2019,NA,NA,2216505,NA,NA,2216505,NA,2023-07-28
Latvia,LVA,EUR,2020,NA,NA,NA,NA,NA,NA,NA,2023-07-28
Latvia,LVA,EUR,2021,NA,NA,NA,NA,NA,NA,NA,2023-07-28
Lebanon,LBN,EMR,2017,197447,741648,331436,714036,0,1045472,0,2023-07-28
Lebanon,LBN,EMR,2018,71800,720600,450713,874143,400000,1724856,0,2023-07-28
Lebanon,LBN,EMR,2019,100000,398160,1048076,240084,69400,1357560,0,2023-07-28
Lebanon,LBN,EMR,2020,25770,356000,390895,209694,7000,607589,0,2023-07-28
Lebanon,LBN,EMR,2021,168506,228610,26290,311018,261239,598547,0,2023-07-28
Lesotho,LSO,AFR,2017,6666,270198,1453281,4236471,1000000,6689752,NA,2023-07-28
Lesotho,LSO,AFR,2018,999645,342643,859650,964478,2128363,3952491,0,2023-07-28
Lesotho,LSO,AFR,2019,1850229,1568634,3905852,4947186,447320,9300358,NA,2023-07-28
Lesotho,LSO,AFR,2020,2786571,1506836,3795180,5154715,NA,10311788,1361893,2023-07-28
Lesotho,LSO,AFR,2021,3116768,1852488,4454934,5823609,NA,10970942,692399,2023-07-28
Liberia,LBR,AFR,2017,NA,NA,NA,NA,NA,NA,NA,2023-07-28
Liberia,LBR,AFR,2018,49532,305994,NA,1459155,NA,1459155,NA,2023-07-28
Liberia,LBR,AFR,2019,NA,NA,NA,NA,NA,NA,NA,2023-07-28
Liberia,LBR,AFR,2020,NA,NA,NA,NA,NA,NA,NA,2023-07-28
Liberia,LBR,AFR,2021,185131,160229,NA,1516258,NA,1516258,NA,2023-07-28
Libya,LBY,EMR,2017,NA,NA,NA,NA,NA,NA,NA,2023-07-28
Libya,LBY,EMR,2018,NA,NA,NA,NA,NA,NA,NA,2023-07-28
Libya,LBY,EMR,2019,NA,NA,NA,NA,NA,NA,NA,2023-07-28
Libya,LBY,EMR,2020,NA,NA,NA,NA,NA,NA,NA,2023-07-28
Libya,LBY,EMR,2021,NA,NA,NA,NA,NA,NA,NA,2023-07-28
Lithuania,LTU,EUR,2017,NA,NA,NA,NA,NA,NA,NA,2023-07-28
Lithuania,LTU,EUR,2018,NA,NA,NA,NA,NA,NA,NA,2023-07-28
Lithuania,LTU,EUR,2019,NA,NA,NA,NA,NA,NA,NA,2023-07-28
Lithuania,LTU,EUR,2020,NA,NA,NA,NA,NA,NA,NA,2023-07-28
Lithuania,LTU,EUR,2021,NA,NA,NA,NA,NA,NA,NA,2023-07-28
Luxembourg,LUX,EUR,2017,NA,NA,NA,NA,NA,NA,NA,2023-07-28
Luxembourg,LUX,EUR,2018,NA,NA,NA,NA,NA,NA,NA,2023-07-28
Luxembourg,LUX,EUR,2019,NA,NA,NA,NA,NA,NA,NA,2023-07-28
Luxembourg,LUX,EUR,2020,NA,NA,NA,NA,NA,NA,NA,2023-07-28
Luxembourg,LUX,EUR,2021,NA,NA,NA,NA,NA,NA,NA,2023-07-28
Madagascar,MDG,AFR,2017,NA,106400,32268,2864296,NA,2896564,NA,2023-07-28
Madagascar,MDG,AFR,2018,198941,362239,0,2880460,0,2880460,0,2023-07-28
Madagascar,MDG,AFR,2019,317485,326156,0,2410949,0,2410949,0,2023-07-28
Madagascar,MDG,AFR,2020,537894,328661,0,4044049,0,4044049,0,2023-07-28
Madagascar,MDG,AFR,2021,NA,NA,NA,NA,NA,NA,NA,2023-07-28
Malawi,MWI,AFR,2017,7898233,527406,1550674,19668334,1650823,26698763,3828932,2023-07-28
Malawi,MWI,AFR,2018,3717675,638708,1980378,4509016,2174365,13448115,4784356,2023-07-28
Malawi,MWI,AFR,2019,3355677,710524,1148401,6638097,939938,12572663,3846227,2023-07-28
Malawi,MWI,AFR,2020,3303893,610628,971307,4804586,710606,10796499,4310000,2023-07-28
Malawi,MWI,AFR,2021,3163337,1202779,412973,6726116,3193491,13833180,3500600,2023-07-28
Malaysia,MYS,WPR,2017,650000,10286000,15111075,NA,NA,15111075,NA,2023-07-28
Malaysia,MYS,WPR,2018,650000,10286000,15144090,NA,NA,15144090,NA,2023-07-28
Malaysia,MYS,WPR,2019,800000,10286000,15176090,NA,NA,15176090,NA,2023-07-28
Malaysia,MYS,WPR,2020,1000000,10300000,15620080,NA,NA,15620080,NA,2023-07-28
Malaysia,MYS,WPR,2021,1000000,10300000,15876970,NA,NA,15876970,NA,2023-07-28
Maldives,MDV,SEA,2017,NA,NA,NA,NA,NA,NA,NA,2023-07-28
Maldives,MDV,SEA,2018,NA,NA,NA,NA,NA,NA,NA,2023-07-28
Maldives,MDV,SEA,2019,NA,NA,NA,NA,NA,NA,NA,2023-07-28
Maldives,MDV,SEA,2020,NA,NA,NA,NA,NA,NA,NA,2023-07-28
Maldives,MDV,SEA,2021,NA,NA,NA,NA,NA,NA,NA,2023-07-28
Mali,MLI,AFR,2017,873672,1128885,1177881,4091614,10000,5279495,NA,2023-07-28
Mali,MLI,AFR,2018,886224,424986,785547,3962620,3000,4751167,NA,2023-07-28
Mali,MLI,AFR,2019,47538,538932,154846,1826057,10065,2294293,303325,2023-07-28
Mali,MLI,AFR,2020,136536,476192,689973,1665277,NA,2355250,NA,2023-07-28
Mali,MLI,AFR,2021,6902802,3230778,754034,9497443,10243,10261720,NA,2023-07-28
Malta,MLT,EUR,2017,NA,NA,NA,NA,NA,NA,NA,2023-07-28
Malta,MLT,EUR,2018,NA,NA,NA,NA,NA,NA,NA,2023-07-28
Malta,MLT,EUR,2019,NA,NA,NA,NA,NA,NA,NA,2023-07-28
Malta,MLT,EUR,2020,NA,NA,NA,NA,NA,NA,NA,2023-07-28
Malta,MLT,EUR,2021,NA,NA,NA,NA,NA,NA,NA,2023-07-28
Marshall Islands,MHL,WPR,2017,NA,NA,NA,NA,NA,NA,NA,2023-07-28
Marshall Islands,MHL,WPR,2018,NA,307449,1391873,133702,229373,1754948,NA,2023-07-28
Marshall Islands,MHL,WPR,2019,25000,180000,230000,172000,471300,873300,0,2023-07-28
Marshall Islands,MHL,WPR,2020,NA,NA,NA,NA,NA,NA,NA,2023-07-28
Marshall Islands,MHL,WPR,2021,NA,NA,NA,NA,NA,NA,NA,2023-07-28
Mauritania,MRT,AFR,2017,444537,65137,NA,1171604,NA,1171604,0,2023-07-28
Mauritania,MRT,AFR,2018,22000,68000,76844,605612,0,682456,0,2023-07-28
Mauritania,MRT,AFR,2019,444537,65137,NA,1171604,NA,1171604,NA,2023-07-28
Mauritania,MRT,AFR,2020,444537,65137,187326,984278,NA,1171604,NA,2023-07-28
Mauritania,MRT,AFR,2021,NA,NA,NA,NA,NA,NA,NA,2023-07-28
Mauritius,MUS,AFR,2017,NA,NA,NA,NA,NA,NA,NA,2023-07-28
Mauritius,MUS,AFR,2018,NA,NA,NA,NA,NA,NA,NA,2023-07-28
Mauritius,MUS,AFR,2019,NA,NA,NA,NA,NA,NA,NA,2023-07-28
Mauritius,MUS,AFR,2020,NA,NA,NA,NA,NA,NA,NA,2023-07-28
Mauritius,MUS,AFR,2021,NA,NA,NA,NA,NA,NA,NA,2023-07-28
Mexico,MEX,AMR,2017,3381345,8041582,15836432,0,0,15836432,0,2023-07-28
Mexico,MEX,AMR,2018,3931889,4720586,12134540,0,0,12134540,0,2023-07-28
Mexico,MEX,AMR,2019,2456992,7664455,13093600,0,0,13093600,0,2023-07-28
Mexico,MEX,AMR,2020,5207185,5263456,14287980,0,0,14287980,0,2023-07-28
Mexico,MEX,AMR,2021,1194941,2940833,6193761,0,0,6193761,0,2023-07-28
Micronesia (Federated States of),FSM,WPR,2017,135262,323486,0,83372,25000,695868,587496,2023-07-28
Micronesia (Federated States of),FSM,WPR,2018,NA,NA,NA,NA,NA,NA,NA,2023-07-28
Micronesia (Federated States of),FSM,WPR,2019,10000,275000,25000,79930,0,617851,512921,2023-07-28
Micronesia (Federated States of),FSM,WPR,2020,22490,283240,25000,45000,0,582921,512921,2023-07-28
Micronesia (Federated States of),FSM,WPR,2021,0,289993,25000,50000,0,587921,512921,2023-07-28
Monaco,MCO,EUR,2017,NA,NA,NA,NA,NA,NA,NA,2023-07-28
Monaco,MCO,EUR,2018,NA,NA,NA,NA,NA,NA,NA,2023-07-28
Monaco,MCO,EUR,2019,NA,NA,NA,NA,NA,NA,NA,2023-07-28
Monaco,MCO,EUR,2020,NA,NA,NA,NA,NA,NA,NA,2023-07-28
Monaco,MCO,EUR,2021,NA,NA,NA,NA,NA,NA,NA,2023-07-28
Mongolia,MNG,WPR,2017,648650,2331280,2578355,1706215,0,4284570,0,2023-07-28
Mongolia,MNG,WPR,2018,441194,2867000,3267000,2686577,0,5953577,0,2023-07-28
Mongolia,MNG,WPR,2019,519763,3564121,3866456,1622600,94961,5584017,NA,2023-07-28
Mongolia,MNG,WPR,2020,387930,3564121,3975247,1086273,190000,5251520,NA,2023-07-28
Mongolia,MNG,WPR,2021,1322429,3886343,4506001,2557756,40000,7103757,NA,2023-07-28
Montenegro,MNE,EUR,2017,NA,NA,NA,NA,NA,NA,NA,2023-07-28
Montenegro,MNE,EUR,2018,NA,NA,NA,NA,NA,NA,NA,2023-07-28
Montenegro,MNE,EUR,2019,NA,NA,NA,NA,NA,NA,NA,2023-07-28
Montenegro,MNE,EUR,2020,NA,NA,NA,NA,NA,NA,NA,2023-07-28
Montenegro,MNE,EUR,2021,NA,NA,NA,NA,NA,NA,NA,2023-07-28
Montserrat,MSR,AMR,2017,NA,NA,NA,NA,NA,NA,NA,2023-07-28
Montserrat,MSR,AMR,2018,NA,NA,NA,NA,NA,NA,NA,2023-07-28
Montserrat,MSR,AMR,2019,NA,NA,NA,NA,NA,NA,NA,2023-07-28
Montserrat,MSR,AMR,2020,NA,NA,NA,NA,NA,NA,NA,2023-07-28
Montserrat,MSR,AMR,2021,NA,NA,NA,NA,NA,NA,NA,2023-07-28
Morocco,MAR,EMR,2017,582000,8601000,15297400,1056000,29500,16382900,0,2023-07-28
Morocco,MAR,EMR,2018,543185,10965614,13761290,1028158,31000,14820448,0,2023-07-28
Morocco,MAR,EMR,2019,3400500,8508454,17680660,664794,19400,18364854,0,2023-07-28
Morocco,MAR,EMR,2020,2598642,12255450,20770465,898715,154826,21824006,0,2023-07-28
Morocco,MAR,EMR,2021,2467909,12218158,20183207,1046894,0,21230101,0,2023-07-28
Mozambique,MOZ,AFR,2017,5783830,1361600,1361600,14176960,2920512,18459072,NA,2023-07-28
Mozambique,MOZ,AFR,2018,4468044,1600860,5911817,14114831,4318548,26897907,2552711,2023-07-28
Mozambique,MOZ,AFR,2019,2215653,1886402,350000,14423474,6729309,24156960,2654177,2023-07-28
Mozambique,MOZ,AFR,2020,10385626,1743639,3737497,15865381,5127329,27607707,2877500,2023-07-28
Mozambique,MOZ,AFR,2021,10853115,1614344,3562346,11626706,7427818,30099717,7482847,2023-07-28
Myanmar,MMR,SEA,2017,4796360,997733,2225919,27434187,2301903,35962009,4000000,2023-07-28
Myanmar,MMR,SEA,2018,2377517,4575966,1793979,23281134,5797534,38872647,8000000,2023-07-28
Myanmar,MMR,SEA,2019,4111879,2952464,2794130,28146109,4679344,41414239,5794656,2023-07-28
Myanmar,MMR,SEA,2020,7482736,3638812,3112950,33955342,3252336,42976566,2655938,2023-07-28
Myanmar,MMR,SEA,2021,4025949,2732966,4305867,19699744,1322773,28599714,3271330,2023-07-28
Namibia,NAM,AFR,2017,NA,8468980,43335451,5507000,NA,49159451,317000,2023-07-28
Namibia,NAM,AFR,2018,1925384,8286571,16658699,3332589,NA,20071888,80600,2023-07-28
Namibia,NAM,AFR,2019,1679039,1880109,14156733,1300000,990000,17090722,643989,2023-07-28
Namibia,NAM,AFR,2020,1294276,1880109,4989894,3063650,1300000,9467124,113580,2023-07-28
Namibia,NAM,AFR,2021,323579,1596548,1693665,1966515,1061776,4721956,NA,2023-07-28
Nauru,NRU,WPR,2017,NA,NA,NA,NA,NA,NA,NA,2023-07-28
Nauru,NRU,WPR,2018,NA,NA,NA,NA,NA,NA,NA,2023-07-28
Nauru,NRU,WPR,2019,NA,NA,NA,NA,NA,NA,NA,2023-07-28
Nauru,NRU,WPR,2020,NA,NA,NA,NA,NA,NA,NA,2023-07-28
Nauru,NRU,WPR,2021,NA,NA,NA,NA,NA,NA,NA,2023-07-28
Nepal,NPL,SEA,2017,767228,856877,8014096,3139632,0,11320304,166576,2023-07-28
Nepal,NPL,SEA,2018,5504846,988502,9782876,7996910,51902,17831688,0,2023-07-28
Nepal,NPL,SEA,2019,2042812,1722714,7251025,6667423,223934,14142382,0,2023-07-28
Nepal,NPL,SEA,2020,3137876,2338625,7199290,5525935,65328,12790553,0,2023-07-28
Nepal,NPL,SEA,2021,6113632,2068950,7157234,8995535,33848,16186617,0,2023-07-28
Netherlands (Kingdom of the),NLD,EUR,2017,NA,NA,NA,NA,NA,NA,NA,2023-07-28
Netherlands (Kingdom of the),NLD,EUR,2018,NA,NA,NA,NA,NA,NA,NA,2023-07-28
Netherlands (Kingdom of the),NLD,EUR,2019,NA,NA,NA,NA,NA,NA,NA,2023-07-28
Netherlands (Kingdom of the),NLD,EUR,2020,NA,NA,NA,NA,NA,NA,NA,2023-07-28
Netherlands (Kingdom of the),NLD,EUR,2021,NA,NA,NA,NA,NA,NA,NA,2023-07-28
New Caledonia,NCL,WPR,2017,NA,NA,NA,NA,NA,NA,NA,2023-07-28
New Caledonia,NCL,WPR,2018,NA,NA,NA,NA,NA,NA,NA,2023-07-28
New Caledonia,NCL,WPR,2019,NA,NA,NA,NA,NA,NA,NA,2023-07-28
New Caledonia,NCL,WPR,2020,NA,NA,NA,NA,NA,NA,NA,2023-07-28
New Caledonia,NCL,WPR,2021,NA,NA,NA,NA,NA,NA,NA,2023-07-28
New Zealand,NZL,WPR,2017,NA,NA,NA,NA,NA,NA,NA,2023-07-28
New Zealand,NZL,WPR,2018,NA,NA,NA,NA,NA,NA,NA,2023-07-28
New Zealand,NZL,WPR,2019,NA,NA,NA,NA,NA,NA,NA,2023-07-28
New Zealand,NZL,WPR,2020,NA,NA,NA,NA,NA,NA,NA,2023-07-28
New Zealand,NZL,WPR,2021,NA,NA,NA,NA,NA,NA,NA,2023-07-28
Nicaragua,NIC,AMR,2017,NA,NA,NA,NA,NA,NA,NA,2023-07-28
Nicaragua,NIC,AMR,2018,869070,1300000,6594674,2307969,238543,9141186,0,2023-07-28
Nicaragua,NIC,AMR,2019,2211612,1340000,6931934,2162095,238543,9332572,0,2023-07-28
Nicaragua,NIC,AMR,2020,NA,NA,NA,NA,NA,NA,NA,2023-07-28
Nicaragua,NIC,AMR,2021,NA,NA,NA,NA,NA,NA,NA,2023-07-28
Niger,NER,AFR,2017,NA,NA,NA,NA,NA,NA,NA,2023-07-28
Niger,NER,AFR,2018,6422560,341478,NA,3274778,3489260,6764038,NA,2023-07-28
Niger,NER,AFR,2019,18860,236338,NA,1945789,165497,2111286,NA,2023-07-28
Niger,NER,AFR,2020,699817,2012703,NA,3523841,532969,4056810,NA,2023-07-28
Niger,NER,AFR,2021,NA,971397,NA,2072687,NA,2072687,NA,2023-07-28
Nigeria,NGA,AFR,2017,19716562,30417902,32285669,64731060,0,112016729,15000000,2023-07-28
Nigeria,NGA,AFR,2018,11612162,32471700,31640124,36183011,0,89823135,22000000,2023-07-28
Nigeria,NGA,AFR,2019,NA,NA,NA,NA,NA,NA,NA,2023-07-28
Nigeria,NGA,AFR,2020,NA,NA,NA,NA,NA,NA,NA,2023-07-28
Nigeria,NGA,AFR,2021,NA,NA,NA,NA,NA,NA,NA,2023-07-28
Niue,NIU,WPR,2017,NA,NA,NA,NA,NA,NA,NA,2023-07-28
Niue,NIU,WPR,2018,NA,NA,NA,NA,NA,NA,NA,2023-07-28
Niue,NIU,WPR,2019,NA,NA,NA,NA,NA,NA,NA,2023-07-28
Niue,NIU,WPR,2020,NA,NA,NA,NA,NA,NA,NA,2023-07-28
Niue,NIU,WPR,2021,NA,NA,NA,NA,NA,NA,NA,2023-07-28
North Macedonia,MKD,EUR,2017,NA,NA,NA,NA,NA,NA,NA,2023-07-28
North Macedonia,MKD,EUR,2018,NA,NA,NA,NA,NA,NA,NA,2023-07-28
North Macedonia,MKD,EUR,2019,NA,NA,NA,NA,NA,NA,NA,2023-07-28
North Macedonia,MKD,EUR,2020,NA,NA,NA,NA,NA,NA,NA,2023-07-28
North Macedonia,MKD,EUR,2021,NA,NA,NA,NA,NA,NA,NA,2023-07-28
Northern Mariana Islands,MNP,WPR,2017,NA,NA,NA,NA,NA,NA,NA,2023-07-28
Northern Mariana Islands,MNP,WPR,2018,NA,NA,NA,NA,NA,NA,NA,2023-07-28
Northern Mariana Islands,MNP,WPR,2019,NA,NA,NA,NA,NA,NA,NA,2023-07-28
Northern Mariana Islands,MNP,WPR,2020,NA,NA,NA,NA,NA,NA,NA,2023-07-28
Northern Mariana Islands,MNP,WPR,2021,NA,NA,NA,NA,NA,NA,NA,2023-07-28
Norway,NOR,EUR,2017,NA,NA,NA,NA,NA,NA,NA,2023-07-28
Norway,NOR,EUR,2018,NA,NA,NA,NA,NA,NA,NA,2023-07-28
Norway,NOR,EUR,2019,NA,NA,NA,NA,NA,NA,NA,2023-07-28
Norway,NOR,EUR,2020,NA,NA,NA,NA,NA,NA,NA,2023-07-28
Norway,NOR,EUR,2021,NA,NA,NA,NA,NA,NA,NA,2023-07-28
"occupied Palestinian territory, including east Jerusalem",PSE,EMR,2017,NA,NA,NA,NA,NA,NA,NA,2023-07-28
"occupied Palestinian territory, including east Jerusalem",PSE,EMR,2018,NA,NA,NA,NA,NA,NA,NA,2023-07-28
"occupied Palestinian territory, including east Jerusalem",PSE,EMR,2019,NA,NA,NA,NA,NA,NA,NA,2023-07-28
"occupied Palestinian territory, including east Jerusalem",PSE,EMR,2020,NA,NA,NA,NA,NA,NA,NA,2023-07-28
"occupied Palestinian territory, including east Jerusalem",PSE,EMR,2021,NA,NA,NA,NA,NA,NA,NA,2023-07-28
Oman,OMN,EMR,2017,NA,NA,NA,NA,NA,NA,NA,2023-07-28
Oman,OMN,EMR,2018,NA,NA,NA,NA,NA,NA,NA,2023-07-28
Oman,OMN,EMR,2019,NA,NA,NA,NA,NA,NA,NA,2023-07-28
Oman,OMN,EMR,2020,NA,NA,NA,NA,NA,NA,NA,2023-07-28
Oman,OMN,EMR,2021,NA,NA,NA,NA,NA,NA,NA,2023-07-28
Pakistan,PAK,EMR,2017,27609166,10819996,3141466,75058965,0,78200431,0,2023-07-28
Pakistan,PAK,EMR,2018,18019918,14591673,3860302,72117548,225743,76203593,0,2023-07-28
Pakistan,PAK,EMR,2019,5086662,8722188,2276321,47586945,441800,50305066,0,2023-07-28
Pakistan,PAK,EMR,2020,8869765,8218685,3278108,40949680,0,44227788,0,2023-07-28
Pakistan,PAK,EMR,2021,15153276,8313284,3733164,42790321,NA,46523485,NA,2023-07-28
Palau,PLW,WPR,2017,NA,NA,NA,NA,NA,NA,NA,2023-07-28
Palau,PLW,WPR,2018,NA,NA,NA,NA,NA,NA,NA,2023-07-28
Palau,PLW,WPR,2019,NA,NA,NA,NA,NA,NA,NA,2023-07-28
Palau,PLW,WPR,2020,NA,NA,NA,NA,NA,NA,NA,2023-07-28
Palau,PLW,WPR,2021,NA,NA,NA,NA,NA,NA,NA,2023-07-28
Panama,PAN,AMR,2017,57755,NA,994737,884703,NA,1879440,NA,2023-07-28
Panama,PAN,AMR,2018,NA,NA,NA,NA,NA,NA,NA,2023-07-28
Panama,PAN,AMR,2019,NA,NA,118281,184173,NA,302454,NA,2023-07-28
Panama,PAN,AMR,2020,NA,NA,NA,NA,NA,NA,NA,2023-07-28
Panama,PAN,AMR,2021,NA,693500,925526,105000,NA,1030526,NA,2023-07-28
Papua New Guinea,PNG,WPR,2017,200000,445761,6377799,2000000,5855000,14277799,45000,2023-07-28
Papua New Guinea,PNG,WPR,2018,NA,NA,NA,NA,NA,NA,NA,2023-07-28
Papua New Guinea,PNG,WPR,2019,NA,NA,NA,NA,NA,NA,NA,2023-07-28
Papua New Guinea,PNG,WPR,2020,1872705,1283360,2091128,11180717,3845502,17117347,0,2023-07-28
Papua New Guinea,PNG,WPR,2021,928420,1158028,3204253,3141081,125125,6470459,0,2023-07-28
Paraguay,PRY,AMR,2017,1058822,1840085,2294217,2020779,153424,4468420,0,2023-07-28
Paraguay,PRY,AMR,2018,924854,2128799,3276094,1540369,52505,4868968,0,2023-07-28
Paraguay,PRY,AMR,2019,638105,2276318,4455245,1427690,47872,5930807,0,2023-07-28
Paraguay,PRY,AMR,2020,326414,1838805,2886347,651566,47872,3585785,0,2023-07-28
Paraguay,PRY,AMR,2021,782152,1599489,2502767,997763,0,3500530,0,2023-07-28
Peru,PER,AMR,2017,30981658,4108037,71426091,8656605,0,80082696,0,2023-07-28
Peru,PER,AMR,2018,22183045,4681320,132939846,8535334,0,141475180,0,2023-07-28
Peru,PER,AMR,2019,14686795,4689601,116381798,3536533,NA,119918331,NA,2023-07-28
Peru,PER,AMR,2020,6895953,5804888,110785628,1513624,NA,112299252,NA,2023-07-28
Peru,PER,AMR,2021,6588766,5754423,109221793,2446566,0,111668359,0,2023-07-28
Philippines,PHL,WPR,2017,9727792,7621750,20617589,34482107,NA,56718424,1618728,2023-07-28
Philippines,PHL,WPR,2018,23937747,7520042,28882220,42607545,NA,71489765,NA,2023-07-28
Philippines,PHL,WPR,2019,9224858,11486326,25827119,33609672,NA,71853791,12417000,2023-07-28
Philippines,PHL,WPR,2020,14473577,10436024,27512285,40016989,NA,80529274,13000000,2023-07-28
Philippines,PHL,WPR,2021,10064763,12936169,39529643,44962390,NA,98992033,14500000,2023-07-28
Poland,POL,EUR,2017,NA,NA,NA,NA,NA,NA,NA,2023-07-28
Poland,POL,EUR,2018,NA,NA,NA,NA,NA,NA,NA,2023-07-28
Poland,POL,EUR,2019,NA,NA,NA,NA,NA,NA,NA,2023-07-28
Poland,POL,EUR,2020,NA,NA,NA,NA,NA,NA,NA,2023-07-28
Poland,POL,EUR,2021,NA,NA,NA,NA,NA,NA,NA,2023-07-28
Portugal,PRT,EUR,2017,NA,NA,NA,NA,NA,NA,NA,2023-07-28
Portugal,PRT,EUR,2018,NA,NA,NA,NA,NA,NA,NA,2023-07-28
Portugal,PRT,EUR,2019,NA,NA,NA,NA,NA,NA,NA,2023-07-28
Portugal,PRT,EUR,2020,NA,NA,NA,NA,NA,NA,NA,2023-07-28
Portugal,PRT,EUR,2021,NA,NA,NA,NA,NA,NA,NA,2023-07-28
Puerto Rico,PRI,AMR,2017,NA,NA,NA,NA,NA,NA,NA,2023-07-28
Puerto Rico,PRI,AMR,2018,NA,NA,NA,NA,NA,NA,NA,2023-07-28
Puerto Rico,PRI,AMR,2019,NA,NA,NA,NA,NA,NA,NA,2023-07-28
Puerto Rico,PRI,AMR,2020,NA,NA,NA,NA,NA,NA,NA,2023-07-28
Puerto Rico,PRI,AMR,2021,NA,NA,NA,NA,NA,NA,NA,2023-07-28
Qatar,QAT,EMR,2017,NA,NA,NA,NA,NA,NA,NA,2023-07-28
Qatar,QAT,EMR,2018,NA,NA,NA,NA,NA,NA,NA,2023-07-28
Qatar,QAT,EMR,2019,NA,NA,NA,NA,NA,NA,NA,2023-07-28
Qatar,QAT,EMR,2020,NA,NA,NA,NA,NA,NA,NA,2023-07-28
Qatar,QAT,EMR,2021,NA,NA,NA,NA,NA,NA,NA,2023-07-28
Republic of Korea,KOR,WPR,2017,11490000,6100000,56380000,0,0,56380000,0,2023-07-28
Republic of Korea,KOR,WPR,2018,11004000,6600000,44027000,NA,NA,44027000,NA,2023-07-28
Republic of Korea,KOR,WPR,2019,1855510,12106122,37389387,NA,NA,37389387,NA,2023-07-28
Republic of Korea,KOR,WPR,2020,NA,NA,NA,NA,NA,NA,NA,2023-07-28
Republic of Korea,KOR,WPR,2021,NA,NA,NA,NA,NA,NA,NA,2023-07-28
Republic of Moldova,MDA,EUR,2017,1753189,5635311,9549848,6390003,0,15939851,0,2023-07-28
Republic of Moldova,MDA,EUR,2018,1207313,5383276,9816596,3411817,0,13228413,0,2023-07-28
Republic of Moldova,MDA,EUR,2019,1670127,4885991,10591761,2331784,0,12923545,0,2023-07-28
Republic of Moldova,MDA,EUR,2020,1341752,5472309,9165364,2872311,11812,12049487,NA,2023-07-28
Republic of Moldova,MDA,EUR,2021,1583928,8443935,16072873,2182438,0,18255311,0,2023-07-28
Romania,ROU,EUR,2017,3727440,323032,6760000,2918031,1978166,11656197,0,2023-07-28
Romania,ROU,EUR,2018,2973639,361531,6102373,1250640,0,7353013,0,2023-07-28
Romania,ROU,EUR,2019,2774479,700000,6459185,0,1258510,7717695,0,2023-07-28
Romania,ROU,EUR,2020,NA,NA,NA,NA,NA,NA,NA,2023-07-28
Romania,ROU,EUR,2021,NA,NA,NA,NA,NA,NA,NA,2023-07-28
Russian Federation,RUS,EUR,2017,26329894,836264980,1432956723,0,1622555,1434579278,0,2023-07-28
Russian Federation,RUS,EUR,2018,29023816,919298312,1449863479,0,862986,1450726465,0,2023-07-28
Russian Federation,RUS,EUR,2019,30417457,977892370,1570162522,0,848162,1571010684,0,2023-07-28
Russian Federation,RUS,EUR,2020,28560381,874342445,1383146457,0,360475,1383506932,0,2023-07-28
Russian Federation,RUS,EUR,2021,26360717,863274699,1453448597,NA,353048,1453801645,NA,2023-07-28
Rwanda,RWA,AFR,2017,2218988,1865183,173110,8021008,410338,8892856,288400,2023-07-28
Rwanda,RWA,AFR,2018,1891025,1382944,227734,5942847,11711,6431866,249574,2023-07-28
Rwanda,RWA,AFR,2019,3020932,900928,1147969,6255250,24511,7686861,259131,2023-07-28
Rwanda,RWA,AFR,2020,3018332,1458836,1743520,2024827,1791021,7390648,1831280,2023-07-28
Rwanda,RWA,AFR,2021,2516193,2182606,3024824,5637786,65000,9804153,1076543,2023-07-28
Saint Kitts and Nevis,KNA,AMR,2017,NA,NA,NA,NA,NA,NA,NA,2023-07-28
Saint Kitts and Nevis,KNA,AMR,2018,NA,NA,NA,NA,NA,NA,NA,2023-07-28
Saint Kitts and Nevis,KNA,AMR,2019,NA,NA,NA,NA,NA,NA,NA,2023-07-28
Saint Kitts and Nevis,KNA,AMR,2020,NA,NA,NA,NA,NA,NA,NA,2023-07-28
Saint Kitts and Nevis,KNA,AMR,2021,NA,NA,NA,NA,NA,NA,NA,2023-07-28
Saint Lucia,LCA,AMR,2017,NA,NA,NA,NA,NA,NA,NA,2023-07-28
Saint Lucia,LCA,AMR,2018,NA,NA,NA,NA,NA,NA,NA,2023-07-28
Saint Lucia,LCA,AMR,2019,NA,NA,NA,NA,NA,NA,NA,2023-07-28
Saint Lucia,LCA,AMR,2020,NA,NA,NA,NA,NA,NA,NA,2023-07-28
Saint Lucia,LCA,AMR,2021,NA,NA,NA,NA,NA,NA,NA,2023-07-28
Saint Vincent and the Grenadines,VCT,AMR,2017,NA,NA,NA,NA,NA,NA,NA,2023-07-28
Saint Vincent and the Grenadines,VCT,AMR,2018,NA,NA,NA,NA,NA,NA,NA,2023-07-28
Saint Vincent and the Grenadines,VCT,AMR,2019,NA,NA,NA,NA,NA,NA,NA,2023-07-28
Saint Vincent and the Grenadines,VCT,AMR,2020,NA,NA,NA,NA,NA,NA,NA,2023-07-28
Saint Vincent and the Grenadines,VCT,AMR,2021,NA,NA,NA,NA,NA,NA,NA,2023-07-28
Samoa,WSM,WPR,2017,NA,NA,NA,NA,NA,NA,NA,2023-07-28
Samoa,WSM,WPR,2018,NA,NA,NA,NA,NA,NA,NA,2023-07-28
Samoa,WSM,WPR,2019,NA,NA,NA,NA,NA,NA,NA,2023-07-28
Samoa,WSM,WPR,2020,NA,NA,NA,NA,NA,NA,NA,2023-07-28
Samoa,WSM,WPR,2021,NA,NA,NA,NA,NA,NA,NA,2023-07-28
San Marino,SMR,EUR,2017,NA,NA,NA,NA,NA,NA,NA,2023-07-28
San Marino,SMR,EUR,2018,NA,NA,NA,NA,NA,NA,NA,2023-07-28
San Marino,SMR,EUR,2019,NA,NA,NA,NA,NA,NA,NA,2023-07-28
San Marino,SMR,EUR,2020,NA,NA,NA,NA,NA,NA,NA,2023-07-28
San Marino,SMR,EUR,2021,NA,NA,NA,NA,NA,NA,NA,2023-07-28
Sao Tome and Principe,STP,AFR,2017,230682,57786,64250,470903,145847,681000,0,2023-07-28
Sao Tome and Principe,STP,AFR,2018,64548,49754,191359,290475,11582,493416,0,2023-07-28
Sao Tome and Principe,STP,AFR,2019,64548,49754,191359,290475,11582,493416,0,2023-07-28
Sao Tome and Principe,STP,AFR,2020,95772,52200,27991,358998,18890,405879,0,2023-07-28
Sao Tome and Principe,STP,AFR,2021,64548,32589,42400,309681,10622,362703,0,2023-07-28
Saudi Arabia,SAU,EMR,2017,NA,NA,NA,NA,NA,NA,NA,2023-07-28
Saudi Arabia,SAU,EMR,2018,NA,NA,NA,NA,NA,NA,NA,2023-07-28
Saudi Arabia,SAU,EMR,2019,NA,NA,NA,NA,NA,NA,NA,2023-07-28
Saudi Arabia,SAU,EMR,2020,NA,NA,NA,NA,NA,NA,NA,2023-07-28
Saudi Arabia,SAU,EMR,2021,NA,NA,NA,NA,NA,NA,NA,2023-07-28
Senegal,SEN,AFR,2017,NA,NA,NA,NA,NA,NA,NA,2023-07-28
Senegal,SEN,AFR,2018,1005303,1311309,2222605,2280413,179903,4682921,0,2023-07-28
Senegal,SEN,AFR,2019,1001626,1048283,1334413,2199716,148607,3682736,0,2023-07-28
Senegal,SEN,AFR,2020,813424,1411320,1823574,3728987,155721,5708282,0,2023-07-28
Senegal,SEN,AFR,2021,1300000,400000,961725,1535697,1224803,3722225,0,2023-07-28
Serbia,SRB,EUR,2017,2201451,16800,9424523,0,0,9424523,0,2023-07-28
Serbia,SRB,EUR,2018,2087324,18820,8804577,0,0,8804577,0,2023-07-28
Serbia,SRB,EUR,2019,NA,NA,NA,NA,NA,NA,NA,2023-07-28
Serbia,SRB,EUR,2020,NA,NA,NA,NA,NA,NA,NA,2023-07-28
Serbia,SRB,EUR,2021,NA,NA,NA,NA,NA,NA,NA,2023-07-28
Seychelles,SYC,AFR,2017,NA,NA,NA,NA,NA,NA,NA,2023-07-28
Seychelles,SYC,AFR,2018,NA,NA,NA,NA,NA,NA,NA,2023-07-28
Seychelles,SYC,AFR,2019,NA,NA,NA,NA,NA,NA,NA,2023-07-28
Seychelles,SYC,AFR,2020,NA,NA,NA,NA,NA,NA,NA,2023-07-28
Seychelles,SYC,AFR,2021,NA,NA,NA,NA,NA,NA,NA,2023-07-28
Sierra Leone,SLE,AFR,2017,352359,241754,241754,3884721,0,4346475,220000,2023-07-28
Sierra Leone,SLE,AFR,2018,2618874,264591,264591,11086383,587741,11974180,35465,2023-07-28
Sierra Leone,SLE,AFR,2019,300000,295250,295250,5966058,807340,7068648,NA,2023-07-28
Sierra Leone,SLE,AFR,2020,200000,261000,290000,5930722,800000,7020722,NA,2023-07-28
Sierra Leone,SLE,AFR,2021,500000,300000,614412,5000000,642146,6256558,NA,2023-07-28
Singapore,SGP,WPR,2017,NA,NA,NA,NA,NA,NA,NA,2023-07-28
Singapore,SGP,WPR,2018,NA,NA,NA,NA,NA,NA,NA,2023-07-28
Singapore,SGP,WPR,2019,NA,NA,NA,NA,NA,NA,NA,2023-07-28
Singapore,SGP,WPR,2020,NA,NA,NA,NA,NA,NA,NA,2023-07-28
Singapore,SGP,WPR,2021,NA,NA,NA,NA,NA,NA,NA,2023-07-28
Sint Maarten (Dutch part),SXM,AMR,2017,NA,NA,NA,NA,NA,NA,NA,2023-07-28
Sint Maarten (Dutch part),SXM,AMR,2018,NA,NA,NA,NA,NA,NA,NA,2023-07-28
Sint Maarten (Dutch part),SXM,AMR,2019,NA,NA,NA,NA,NA,NA,NA,2023-07-28
Sint Maarten (Dutch part),SXM,AMR,2020,NA,NA,NA,NA,NA,NA,NA,2023-07-28
Sint Maarten (Dutch part),SXM,AMR,2021,NA,NA,NA,NA,NA,NA,NA,2023-07-28
Slovakia,SVK,EUR,2017,NA,NA,NA,NA,NA,NA,NA,2023-07-28
Slovakia,SVK,EUR,2018,NA,NA,NA,NA,NA,NA,NA,2023-07-28
Slovakia,SVK,EUR,2019,NA,NA,NA,NA,NA,NA,NA,2023-07-28
Slovakia,SVK,EUR,2020,NA,NA,NA,NA,NA,NA,NA,2023-07-28
Slovakia,SVK,EUR,2021,NA,NA,NA,NA,NA,NA,NA,2023-07-28
Slovenia,SVN,EUR,2017,NA,NA,NA,NA,NA,NA,NA,2023-07-28
Slovenia,SVN,EUR,2018,NA,NA,NA,NA,NA,NA,NA,2023-07-28
Slovenia,SVN,EUR,2019,NA,NA,NA,NA,NA,NA,NA,2023-07-28
Slovenia,SVN,EUR,2020,NA,NA,NA,NA,NA,NA,NA,2023-07-28
Slovenia,SVN,EUR,2021,NA,NA,NA,NA,NA,NA,NA,2023-07-28
Solomon Islands,SLB,WPR,2017,50176,343547,362447,603349,0,965796,0,2023-07-28
Solomon Islands,SLB,WPR,2018,129270,343547,482184,548576,0,1030760,0,2023-07-28
Solomon Islands,SLB,WPR,2019,187885,178085,419850,645584,0,1065434,0,2023-07-28
Solomon Islands,SLB,WPR,2020,174507,178085,490236,548255,0,1038491,0,2023-07-28
Solomon Islands,SLB,WPR,2021,173460,178085,239960,522648,0,762608,0,2023-07-28
Somalia,SOM,EMR,2017,2344503,150360,NA,14033839,NA,14033839,NA,2023-07-28
Somalia,SOM,EMR,2018,150240,2074949,NA,6413956,NA,6413956,NA,2023-07-28
Somalia,SOM,EMR,2019,990813,2447862,0,9156218,0,9156218,0,2023-07-28
Somalia,SOM,EMR,2020,1233137,0,0,1859390,0,1859390,0,2023-07-28
Somalia,SOM,EMR,2021,812621,194449,0,10803421,250000,11053421,0,2023-07-28
South Africa,ZAF,AFR,2017,NA,NA,NA,NA,NA,NA,NA,2023-07-28
South Africa,ZAF,AFR,2018,NA,NA,NA,NA,NA,NA,NA,2023-07-28
South Africa,ZAF,AFR,2019,NA,NA,NA,NA,NA,NA,NA,2023-07-28
South Africa,ZAF,AFR,2020,NA,NA,NA,NA,NA,NA,NA,2023-07-28
South Africa,ZAF,AFR,2021,NA,NA,NA,NA,NA,NA,NA,2023-07-28
South Sudan,SSD,AFR,2017,2355028,121919,NA,9528837,NA,9528837,NA,2023-07-28
South Sudan,SSD,AFR,2018,221546,667168,NA,3277503,NA,3277503,NA,2023-07-28
South Sudan,SSD,AFR,2019,93793,35675,NA,3879888,NA,3879888,NA,2023-07-28
South Sudan,SSD,AFR,2020,830515,493210,0,11351205,0,11351205,0,2023-07-28
South Sudan,SSD,AFR,2021,455053,98327,0,1769276,0,1769276,0,2023-07-28
Spain,ESP,EUR,2017,NA,NA,NA,NA,NA,NA,NA,2023-07-28
Spain,ESP,EUR,2018,NA,NA,NA,NA,NA,NA,NA,2023-07-28
Spain,ESP,EUR,2019,NA,NA,NA,NA,NA,NA,NA,2023-07-28
Spain,ESP,EUR,2020,NA,NA,NA,NA,NA,NA,NA,2023-07-28
Spain,ESP,EUR,2021,NA,NA,NA,NA,NA,NA,NA,2023-07-28
Sri Lanka,LKA,SEA,2017,902174,4691783,6241680,1997948,305430,8545058,0,2023-07-28
Sri Lanka,LKA,SEA,2018,1921057,3567893,3567893,2738875,5186,6311954,NA,2023-07-28
Sri Lanka,LKA,SEA,2019,927130,1371783,2061890,1141645,9090,3212625,NA,2023-07-28
Sri Lanka,LKA,SEA,2020,459741,1430092,2235099,1203391,55223,3493713,NA,2023-07-28
Sri Lanka,LKA,SEA,2021,976685,1615638,2546350,1554959,28741,4130050,NA,2023-07-28
Sudan,SDN,EMR,2017,2620168,4987082,2493541,12433376,NA,14926917,NA,2023-07-28
Sudan,SDN,EMR,2018,747933,328586,169200,5218549,NA,5387749,NA,2023-07-28
Sudan,SDN,EMR,2019,1962491,605290,NA,11428021,NA,11428021,NA,2023-07-28
Sudan,SDN,EMR,2020,1440319,186920,120000,5153891,NA,5273891,NA,2023-07-28
Sudan,SDN,EMR,2021,919821,851909,868717,3706587,NA,4575304,NA,2023-07-28
Suriname,SUR,AMR,2017,70937,178359,53622,310710,10000,374332,0,2023-07-28
Suriname,SUR,AMR,2018,343402,215088,214615,586781,10000,811396,0,2023-07-28
Suriname,SUR,AMR,2019,325601,303110,523800,317960,NA,841760,0,2023-07-28
Suriname,SUR,AMR,2020,241375,216813,460298,225544,50000,735842,0,2023-07-28
Suriname,SUR,AMR,2021,289608,104728,280289,174610,70000,524899,0,2023-07-28
Sweden,SWE,EUR,2017,NA,NA,NA,NA,NA,NA,NA,2023-07-28
Sweden,SWE,EUR,2018,NA,NA,NA,NA,NA,NA,NA,2023-07-28
Sweden,SWE,EUR,2019,NA,NA,NA,NA,NA,NA,NA,2023-07-28
Sweden,SWE,EUR,2020,NA,NA,NA,NA,NA,NA,NA,2023-07-28
Sweden,SWE,EUR,2021,NA,NA,NA,NA,NA,NA,NA,2023-07-28
Switzerland,CHE,EUR,2017,NA,NA,NA,NA,NA,NA,NA,2023-07-28
Switzerland,CHE,EUR,2018,NA,NA,NA,NA,NA,NA,NA,2023-07-28
Switzerland,CHE,EUR,2019,NA,NA,NA,NA,NA,NA,NA,2023-07-28
Switzerland,CHE,EUR,2020,NA,NA,NA,NA,NA,NA,NA,2023-07-28
Switzerland,CHE,EUR,2021,NA,NA,NA,NA,NA,NA,NA,2023-07-28
Syrian Arab Republic,SYR,EMR,2017,44000,NA,NA,0,44000,44000,NA,2023-07-28
Syrian Arab Republic,SYR,EMR,2018,378851,0,0,1968627,0,1968627,0,2023-07-28
Syrian Arab Republic,SYR,EMR,2019,277600,0,0,880960,0,880960,0,2023-07-28
Syrian Arab Republic,SYR,EMR,2020,277600,0,0,1031100,0,1031100,0,2023-07-28
Syrian Arab Republic,SYR,EMR,2021,277600,17000,0,1094680,0,1094680,0,2023-07-28
Tajikistan,TJK,EUR,2017,4150681,2048468,1717116,9509576,563513,14477483,2687278,2023-07-28
Tajikistan,TJK,EUR,2018,4627167,2903572,4757620,2903754,2335006,11680245,1683865,2023-07-28
Tajikistan,TJK,EUR,2019,1020112,599199,5344896,4435167,1183733,11348178,384382,2023-07-28
Tajikistan,TJK,EUR,2020,2299555,412345,6267320,5135294,602594,12005208,NA,2023-07-28
Tajikistan,TJK,EUR,2021,2593425,218336,467248,8795563,735674,10004485,6000,2023-07-28
Thailand,THA,SEA,2017,2051275,1560865,16558496,2682370,NA,19240866,NA,2023-07-28
Thailand,THA,SEA,2018,2936396,1442130,21041588,3440172,1619349,26101109,0,2023-07-28
Thailand,THA,SEA,2019,6367936,1519287,22747579,6614776,709941,30072296,0,2023-07-28
Thailand,THA,SEA,2020,7467536,1656481,19678492,7976346,454361,28109199,NA,2023-07-28
Thailand,THA,SEA,2021,6624428,1747716,20337229,5553155,23900,25914284,NA,2023-07-28
Timor-Leste,TLS,SEA,2017,355200,236170,197939,1625046,0,1822985,0,2023-07-28
Timor-Leste,TLS,SEA,2018,713,364082,0,2956790,0,2956790,0,2023-07-28
Timor-Leste,TLS,SEA,2019,490391,342777,NA,2054965,NA,2054965,NA,2023-07-28
Timor-Leste,TLS,SEA,2020,515157,250789,514148,1402591,NA,1916739,NA,2023-07-28
Timor-Leste,TLS,SEA,2021,155397,295724,NA,10236642,NA,10236642,NA,2023-07-28
Togo,TGO,AFR,2017,1124295,336078,309885,3220630,26097,3556612,NA,2023-07-28
Togo,TGO,AFR,2018,125325,296471,178719,516771,87644,783134,0,2023-07-28
Togo,TGO,AFR,2019,280965,648910,619885,647894,27599,1295378,0,2023-07-28
Togo,TGO,AFR,2020,64568,871791,832316,182656,52847,1067819,0,2023-07-28
Togo,TGO,AFR,2021,485380,799100,708794,859565,0,1568359,0,2023-07-28
Tokelau,TKL,WPR,2017,NA,NA,NA,NA,NA,NA,NA,2023-07-28
Tokelau,TKL,WPR,2018,NA,NA,NA,NA,NA,NA,NA,2023-07-28
Tokelau,TKL,WPR,2019,NA,NA,NA,NA,NA,NA,NA,2023-07-28
Tokelau,TKL,WPR,2020,NA,NA,NA,NA,NA,NA,NA,2023-07-28
Tokelau,TKL,WPR,2021,NA,NA,NA,NA,NA,NA,NA,2023-07-28
Tonga,TON,WPR,2017,NA,NA,NA,NA,NA,NA,NA,2023-07-28
Tonga,TON,WPR,2018,NA,NA,NA,NA,NA,NA,NA,2023-07-28
Tonga,TON,WPR,2019,NA,NA,NA,NA,NA,NA,NA,2023-07-28
Tonga,TON,WPR,2020,NA,NA,NA,NA,NA,NA,NA,2023-07-28
Tonga,TON,WPR,2021,NA,NA,NA,NA,NA,NA,NA,2023-07-28
Trinidad and Tobago,TTO,AMR,2017,NA,NA,NA,NA,NA,NA,NA,2023-07-28
Trinidad and Tobago,TTO,AMR,2018,NA,NA,NA,NA,NA,NA,NA,2023-07-28
Trinidad and Tobago,TTO,AMR,2019,NA,NA,NA,NA,NA,NA,NA,2023-07-28
Trinidad and Tobago,TTO,AMR,2020,NA,NA,NA,NA,NA,NA,NA,2023-07-28
Trinidad and Tobago,TTO,AMR,2021,NA,NA,NA,NA,NA,NA,NA,2023-07-28
Tunisia,TUN,EMR,2017,220000,618750,1237600,0,0,1237600,0,2023-07-28
Tunisia,TUN,EMR,2018,300000,618750,1317600,0,0,1317600,0,2023-07-28
Tunisia,TUN,EMR,2019,NA,NA,NA,NA,NA,NA,NA,2023-07-28
Tunisia,TUN,EMR,2020,185000,30000,992000,0,0,992000,0,2023-07-28
Tunisia,TUN,EMR,2021,200000,40000,1132000,NA,NA,1132000,NA,2023-07-28
Türkiye,TUR,EUR,2017,NA,NA,NA,NA,NA,NA,NA,2023-07-28
Türkiye,TUR,EUR,2018,NA,NA,NA,NA,NA,NA,NA,2023-07-28
Türkiye,TUR,EUR,2019,NA,NA,NA,NA,NA,NA,NA,2023-07-28
Türkiye,TUR,EUR,2020,NA,NA,NA,NA,NA,NA,NA,2023-07-28
Türkiye,TUR,EUR,2021,NA,NA,NA,NA,NA,NA,NA,2023-07-28
Turkmenistan,TKM,EUR,2017,NA,NA,NA,NA,NA,NA,NA,2023-07-28
Turkmenistan,TKM,EUR,2018,NA,NA,NA,2419246,NA,2631246,212000,2023-07-28
Turkmenistan,TKM,EUR,2019,NA,NA,NA,NA,NA,NA,NA,2023-07-28
Turkmenistan,TKM,EUR,2020,926241,12056187,13487774,2928206,NA,16415980,NA,2023-07-28
Turkmenistan,TKM,EUR,2021,NA,NA,NA,NA,NA,NA,NA,2023-07-28
Turks and Caicos Islands,TCA,AMR,2017,NA,NA,NA,NA,NA,NA,NA,2023-07-28
Turks and Caicos Islands,TCA,AMR,2018,NA,NA,NA,NA,NA,NA,NA,2023-07-28
Turks and Caicos Islands,TCA,AMR,2019,NA,NA,NA,NA,NA,NA,NA,2023-07-28
Turks and Caicos Islands,TCA,AMR,2020,NA,NA,NA,NA,NA,NA,NA,2023-07-28
Turks and Caicos Islands,TCA,AMR,2021,NA,NA,NA,NA,NA,NA,NA,2023-07-28
Tuvalu,TUV,WPR,2017,NA,NA,NA,NA,NA,NA,NA,2023-07-28
Tuvalu,TUV,WPR,2018,NA,NA,NA,NA,NA,NA,NA,2023-07-28
Tuvalu,TUV,WPR,2019,NA,NA,NA,NA,NA,NA,NA,2023-07-28
Tuvalu,TUV,WPR,2020,NA,NA,NA,NA,NA,NA,NA,2023-07-28
Tuvalu,TUV,WPR,2021,NA,NA,NA,NA,NA,NA,NA,2023-07-28
Uganda,UGA,AFR,2017,707000,507000,30000,5226398,985500,11241898,5000000,2023-07-28
Uganda,UGA,AFR,2018,4909627,1000811,1908108,7283493,504601,19696202,10000000,2023-07-28
Uganda,UGA,AFR,2019,8815288,1000811,1908108,13874223,4726775,25523528,5014422,2023-07-28
Uganda,UGA,AFR,2020,1571381,1000000,3439034,10388011,400000,20835749,6608704,2023-07-28
Uganda,UGA,AFR,2021,1571381,2000000,3439034,10388011,4684141,25990635,7479449,2023-07-28
Ukraine,UKR,EUR,2017,8808902,307536,28564702,9542463,938616,41602886,2557105,2023-07-28
Ukraine,UKR,EUR,2018,6581087,79627,41697411,10796259,NA,52493670,NA,2023-07-28
Ukraine,UKR,EUR,2019,3535027,91511,116680262,15963579,0,132703841,60000,2023-07-28
Ukraine,UKR,EUR,2020,8002329,94666,99143944,24064559,0,128008503,4800000,2023-07-28
Ukraine,UKR,EUR,2021,3406000,58139000,77794000,12685000,0,90951000,472000,2023-07-28
United Arab Emirates,ARE,EMR,2017,NA,NA,NA,NA,NA,NA,NA,2023-07-28
United Arab Emirates,ARE,EMR,2018,NA,NA,NA,NA,NA,NA,NA,2023-07-28
United Arab Emirates,ARE,EMR,2019,NA,NA,NA,NA,NA,NA,NA,2023-07-28
United Arab Emirates,ARE,EMR,2020,NA,NA,NA,NA,NA,NA,NA,2023-07-28
United Arab Emirates,ARE,EMR,2021,NA,NA,NA,NA,NA,NA,NA,2023-07-28
United Kingdom of Great Britain and Northern Ireland,GBR,EUR,2017,NA,NA,NA,NA,NA,NA,NA,2023-07-28
United Kingdom of Great Britain and Northern Ireland,GBR,EUR,2018,NA,NA,NA,NA,NA,NA,NA,2023-07-28
United Kingdom of Great Britain and Northern Ireland,GBR,EUR,2019,NA,NA,NA,NA,NA,NA,NA,2023-07-28
United Kingdom of Great Britain and Northern Ireland,GBR,EUR,2020,NA,NA,NA,NA,NA,NA,NA,2023-07-28
United Kingdom of Great Britain and Northern Ireland,GBR,EUR,2021,NA,NA,NA,NA,NA,NA,NA,2023-07-28
United Republic of Tanzania,TZA,AFR,2017,1831880,1436888,380000,8939846,750000,10069846,NA,2023-07-28
United Republic of Tanzania,TZA,AFR,2018,4971080,1809689,1487985,16562762,750000,21514063,2713316,2023-07-28
United Republic of Tanzania,TZA,AFR,2019,339808,10386917,11627238,7996236,1424203,36194516,15146839,2023-07-28
United Republic of Tanzania,TZA,AFR,2020,3144204,3906659,12208599,12067181,2809840,33585620,6500000,2023-07-28
United Republic of Tanzania,TZA,AFR,2021,4084339,2779356,3997414,14805106,1915387,28697907,7980000,2023-07-28
United States of America,USA,AMR,2017,NA,NA,NA,NA,NA,NA,NA,2023-07-28
United States of America,USA,AMR,2018,NA,NA,NA,NA,NA,NA,NA,2023-07-28
United States of America,USA,AMR,2019,NA,NA,NA,NA,NA,NA,NA,2023-07-28
United States of America,USA,AMR,2020,NA,NA,NA,NA,NA,NA,NA,2023-07-28
United States of America,USA,AMR,2021,NA,NA,NA,NA,NA,NA,NA,2023-07-28
Uruguay,URY,AMR,2017,153639,2946407,4048776,NA,NA,4048776,NA,2023-07-28
Uruguay,URY,AMR,2018,165869,3180941,4371058,NA,NA,4371058,NA,2023-07-28
Uruguay,URY,AMR,2019,180449,3460546,4809779,0,0,4809779,0,2023-07-28
Uruguay,URY,AMR,2020,NA,NA,NA,NA,NA,NA,NA,2023-07-28
Uruguay,URY,AMR,2021,NA,NA,NA,NA,NA,NA,NA,2023-07-28
Uzbekistan,UZB,EUR,2017,2400546,209198,NA,10201467,389402,11224697,633828,2023-07-28
Uzbekistan,UZB,EUR,2018,NA,NA,NA,NA,NA,NA,NA,2023-07-28
Uzbekistan,UZB,EUR,2019,NA,NA,NA,NA,NA,NA,NA,2023-07-28
Uzbekistan,UZB,EUR,2020,NA,NA,NA,NA,NA,NA,NA,2023-07-28
Uzbekistan,UZB,EUR,2021,NA,NA,NA,NA,NA,NA,NA,2023-07-28
Vanuatu,VUT,WPR,2017,20000,210000,132293,180000,20000,332293,0,2023-07-28
Vanuatu,VUT,WPR,2018,2000,210000,217490,130000,36051,383541,0,2023-07-28
Vanuatu,VUT,WPR,2019,NA,NA,483136,10758488,4019540,15261164,NA,2023-07-28
Vanuatu,VUT,WPR,2020,3668,195462,195462,89647,3668,288777,NA,2023-07-28
Vanuatu,VUT,WPR,2021,50,154,102,256,102,460,0,2023-07-28
Venezuela (Bolivarian Republic of),VEN,AMR,2017,0,NA,NA,0,17000,17000,0,2023-07-28
Venezuela (Bolivarian Republic of),VEN,AMR,2018,33223,6788,353081,0,43883,396964,0,2023-07-28
Venezuela (Bolivarian Republic of),VEN,AMR,2019,80404,10800,10800,0,350908,361708,0,2023-07-28
Venezuela (Bolivarian Republic of),VEN,AMR,2020,679258,27893,234412,1085696,51569,1371677,0,2023-07-28
Venezuela (Bolivarian Republic of),VEN,AMR,2021,356780,303376,377966,1200000,0,1577966,0,2023-07-28
Viet Nam,VNM,WPR,2017,984393,862943,8586666,18517174,538235,27642075,NA,2023-07-28
Viet Nam,VNM,WPR,2018,6221600,297855,6454000,17109014,829595,24392609,NA,2023-07-28
Viet Nam,VNM,WPR,2019,6791184,797997,1161429,17006869,1031075,19199373,0,2023-07-28
Viet Nam,VNM,WPR,2020,15492176,1761836,7899001,33766579,NA,42534228,868648,2023-07-28
Viet Nam,VNM,WPR,2021,33019799,1886157,4941829,49513419,NA,54455248,NA,2023-07-28
Wallis and Futuna Islands,WLF,WPR,2017,NA,NA,NA,NA,NA,NA,NA,2023-07-28
Wallis and Futuna Islands,WLF,WPR,2018,NA,NA,NA,NA,NA,NA,NA,2023-07-28
Wallis and Futuna Islands,WLF,WPR,2019,NA,NA,NA,NA,NA,NA,NA,2023-07-28
Wallis and Futuna Islands,WLF,WPR,2020,NA,NA,NA,NA,NA,NA,NA,2023-07-28
Wallis and Futuna Islands,WLF,WPR,2021,NA,NA,NA,NA,NA,NA,NA,2023-07-28
Yemen,YEM,EMR,2017,4048,281488,34400,514249,0,548649,0,2023-07-28
Yemen,YEM,EMR,2018,236483,213750,24000,2313948,0,2337948,0,2023-07-28
Yemen,YEM,EMR,2019,187682,271440,83000,1289603,0,1372603,0,2023-07-28
Yemen,YEM,EMR,2020,184875,346730,83000,1369796,0,1452796,0,2023-07-28
Yemen,YEM,EMR,2021,187682,376530,69000,1652076,0,1721076,0,2023-07-28
Zambia,ZMB,AFR,2017,1228589,518115,2173704,6707765,2018596,11026955,126890,2023-07-28
Zambia,ZMB,AFR,2018,1212486,618115,6112996,8044576,1212096,20357293,4987625,2023-07-28
Zambia,ZMB,AFR,2019,1412486,618115,12510855,3000000,2212456,22873311,5150000,2023-07-28
Zambia,ZMB,AFR,2020,1400000,718340,12000000,5333530,3000000,27138930,6805400,2023-07-28
Zambia,ZMB,AFR,2021,1400000,718340,17044672,7866829,3500000,37216901,8805400,2023-07-28
Zimbabwe,ZWE,AFR,2017,2298314,1914270,2484000,8167459,NA,10651459,NA,2023-07-28
Zimbabwe,ZWE,AFR,2018,2582279,1556494,417600,7203689,178000,12535016,4735727,2023-07-28
Zimbabwe,ZWE,AFR,2019,1762498,1556935,385000,9184722,295796,11881039,2015521,2023-07-28
Zimbabwe,ZWE,AFR,2020,701889,2094381,3000,5566474,942938,9226433,2714021,2023-07-28
Zimbabwe,ZWE,AFR,2021,2891600,1596263,845670,7527940,1890543,20640324,10376171,2023-07-28
