country,iso3,g_whoregion,year,budget_lab,budget_oth,budget_staff,cf_lab,cf_staff,cf_tot_domestic,cf_tot_gf,cf_tot_grnt,cf_tot_sources,cf_tot_usaid,download_date
Afghanistan,AFG,EMR,2018,2543262,NA,761828,2473391,741545,533779,3178499,2523675,10698483,4462530,2023-07-28
Afghanistan,AFG,EMR,2019,2797414,5344361,915527,2208668,871931,511854,6533095,3608394,13419792,2766449,2023-07-28
Afghanistan,AFG,EMR,2020,3200000,4000000,2300000,3188713,2248593,1171864,6935551,6871009,17978424,3000000,2023-07-28
Afghanistan,AFG,EMR,2021,1696418,3606831,570776,1696418,570776,NA,7638546,2995053,10633599,NA,2023-07-28
Afghanistan,AFG,EMR,2022,515246,3529753,729629,715071,672737,269339,6876137,1898528,10599950,1555946,2023-07-28
Albania,ALB,EUR,2018,NA,NA,NA,NA,NA,NA,NA,NA,NA,NA,2023-07-28
Albania,ALB,EUR,2019,NA,NA,NA,NA,NA,NA,NA,NA,NA,NA,2023-07-28
Albania,ALB,EUR,2020,NA,NA,NA,NA,NA,NA,NA,NA,NA,NA,2023-07-28
Albania,ALB,EUR,2021,NA,NA,NA,NA,NA,NA,NA,NA,NA,NA,2023-07-28
Albania,ALB,EUR,2022,NA,NA,NA,NA,NA,NA,NA,NA,NA,NA,2023-07-28
Algeria,DZA,AFR,2018,NA,NA,NA,NA,NA,NA,NA,NA,NA,NA,2023-07-28
Algeria,DZA,AFR,2019,NA,NA,NA,NA,NA,NA,NA,NA,NA,NA,2023-07-28
Algeria,DZA,AFR,2020,NA,NA,NA,NA,NA,NA,NA,NA,NA,NA,2023-07-28
Algeria,DZA,AFR,2021,NA,NA,NA,NA,NA,NA,NA,NA,NA,NA,2023-07-28
Algeria,DZA,AFR,2022,NA,NA,NA,NA,NA,NA,NA,NA,NA,NA,2023-07-28
American Samoa,ASM,WPR,2018,NA,NA,NA,NA,NA,NA,NA,NA,NA,NA,2023-07-28
American Samoa,ASM,WPR,2019,NA,NA,NA,NA,NA,NA,NA,NA,NA,NA,2023-07-28
American Samoa,ASM,WPR,2020,NA,NA,NA,NA,NA,NA,NA,NA,NA,NA,2023-07-28
American Samoa,ASM,WPR,2021,NA,NA,NA,NA,NA,NA,NA,NA,NA,NA,2023-07-28
American Samoa,ASM,WPR,2022,NA,NA,NA,NA,NA,NA,NA,NA,NA,NA,2023-07-28
Andorra,AND,EUR,2018,NA,NA,NA,NA,NA,NA,NA,NA,NA,NA,2023-07-28
Andorra,AND,EUR,2019,NA,NA,NA,NA,NA,NA,NA,NA,NA,NA,2023-07-28
Andorra,AND,EUR,2020,NA,NA,NA,NA,NA,NA,NA,NA,NA,NA,2023-07-28
Andorra,AND,EUR,2021,NA,NA,NA,NA,NA,NA,NA,NA,NA,NA,2023-07-28
Andorra,AND,EUR,2022,NA,NA,NA,NA,NA,NA,NA,NA,NA,NA,2023-07-28
Angola,AGO,AFR,2018,1526820,4000000,1572700,500000,1572700,3293147,4972863,689553,8955563,0,2023-07-28
Angola,AGO,AFR,2019,17133500,4000000,1572700,7216284,1572700,13692478,2416285,4000000,20108763,0,2023-07-28
Angola,AGO,AFR,2020,742078,NA,173805,742078,173805,17672192,1897542,737293,20307027,0,2023-07-28
Angola,AGO,AFR,2021,16412210,0,173805,2100360,173805,6041429,4213441,NA,10254870,NA,2023-07-28
Angola,AGO,AFR,2022,16412210,0,2582160,2500360,2081059,10831930,4213441,NA,15045371,NA,2023-07-28
Anguilla,AIA,AMR,2018,NA,NA,NA,NA,NA,NA,NA,NA,NA,NA,2023-07-28
Anguilla,AIA,AMR,2019,NA,NA,NA,NA,NA,NA,NA,NA,NA,NA,2023-07-28
Anguilla,AIA,AMR,2020,NA,NA,NA,NA,NA,NA,NA,NA,NA,NA,2023-07-28
Anguilla,AIA,AMR,2021,NA,NA,NA,NA,NA,NA,NA,NA,NA,NA,2023-07-28
Anguilla,AIA,AMR,2022,NA,NA,NA,NA,NA,NA,NA,NA,NA,NA,2023-07-28
Antigua and Barbuda,ATG,AMR,2018,NA,NA,NA,NA,NA,NA,NA,NA,NA,NA,2023-07-28
Antigua and Barbuda,ATG,AMR,2019,NA,NA,NA,NA,NA,NA,NA,NA,NA,NA,2023-07-28
Antigua and Barbuda,ATG,AMR,2020,NA,NA,NA,NA,NA,NA,NA,NA,NA,NA,2023-07-28
Antigua and Barbuda,ATG,AMR,2021,NA,NA,NA,NA,NA,NA,NA,NA,NA,NA,2023-07-28
Antigua and Barbuda,ATG,AMR,2022,NA,NA,NA,NA,NA,NA,NA,NA,NA,NA,2023-07-28
Argentina,ARG,AMR,2018,263032,0,0,263032,0,5189232,0,0,5189232,0,2023-07-28
Argentina,ARG,AMR,2019,263032,0,0,263032,0,2510552,0,0,2510552,0,2023-07-28
Argentina,ARG,AMR,2020,129378,0,0,129378,0,1320638,0,0,1320638,0,2023-07-28
Argentina,ARG,AMR,2021,146665,0,0,146665,0,1086705,0,0,1086705,0,2023-07-28
Argentina,ARG,AMR,2022,464568,NA,NA,464568,NA,1809798,NA,NA,1809798,NA,2023-07-28
Armenia,ARM,EUR,2018,422187,2378816,2557476,422187,2557476,2520982,4307786,0,6828768,0,2023-07-28
Armenia,ARM,EUR,2019,164346,162174,73866,164346,73866,74089,1130669,0,1204758,0,2023-07-28
Armenia,ARM,EUR,2020,633011,3465707,103896,633011,103896,3331208,1805341,NA,5136549,NA,2023-07-28
Armenia,ARM,EUR,2021,690187,2452341,203921,690187,203921,2059940,1288276,NA,3348216,NA,2023-07-28
Armenia,ARM,EUR,2022,333514,1923417,84000,333514,84000,1923417,1319868,NA,3243285,NA,2023-07-28
Aruba,ABW,AMR,2018,NA,NA,NA,NA,NA,NA,NA,NA,NA,NA,2023-07-28
Aruba,ABW,AMR,2019,NA,NA,NA,NA,NA,NA,NA,NA,NA,NA,2023-07-28
Aruba,ABW,AMR,2020,NA,NA,NA,NA,NA,NA,NA,NA,NA,NA,2023-07-28
Aruba,ABW,AMR,2021,NA,NA,NA,NA,NA,NA,NA,NA,NA,NA,2023-07-28
Aruba,ABW,AMR,2022,NA,NA,NA,NA,NA,NA,NA,NA,NA,NA,2023-07-28
Australia,AUS,WPR,2018,NA,NA,NA,NA,NA,NA,NA,NA,NA,NA,2023-07-28
Australia,AUS,WPR,2019,NA,NA,NA,NA,NA,NA,NA,NA,NA,NA,2023-07-28
Australia,AUS,WPR,2020,NA,NA,NA,NA,NA,NA,NA,NA,NA,NA,2023-07-28
Australia,AUS,WPR,2021,NA,NA,NA,NA,NA,NA,NA,NA,NA,NA,2023-07-28
Australia,AUS,WPR,2022,NA,NA,NA,NA,NA,NA,NA,NA,NA,NA,2023-07-28
Austria,AUT,EUR,2018,NA,NA,NA,NA,NA,NA,NA,NA,NA,NA,2023-07-28
Austria,AUT,EUR,2019,NA,NA,NA,NA,NA,NA,NA,NA,NA,NA,2023-07-28
Austria,AUT,EUR,2020,NA,NA,NA,NA,NA,NA,NA,NA,NA,NA,2023-07-28
Austria,AUT,EUR,2021,NA,NA,NA,NA,NA,NA,NA,NA,NA,NA,2023-07-28
Austria,AUT,EUR,2022,NA,NA,NA,NA,NA,NA,NA,NA,NA,NA,2023-07-28
Azerbaijan,AZE,EUR,2018,NA,NA,NA,NA,NA,NA,NA,NA,NA,NA,2023-07-28
Azerbaijan,AZE,EUR,2019,896894,107963,10320365,896894,10320365,16487435,4397794,NA,20885229,NA,2023-07-28
Azerbaijan,AZE,EUR,2020,753947,NA,7975385,753947,7975385,14455282,2878142,NA,17333424,NA,2023-07-28
Azerbaijan,AZE,EUR,2021,1332264,192324,7251101,1332264,7251101,11086889,3525398,NA,14612287,NA,2023-07-28
Azerbaijan,AZE,EUR,2022,NA,NA,NA,NA,NA,NA,NA,NA,NA,NA,2023-07-28
Bahamas,BHS,AMR,2018,NA,NA,NA,NA,NA,NA,NA,NA,NA,NA,2023-07-28
Bahamas,BHS,AMR,2019,NA,NA,NA,NA,NA,NA,NA,NA,NA,NA,2023-07-28
Bahamas,BHS,AMR,2020,NA,NA,NA,NA,NA,NA,NA,NA,NA,NA,2023-07-28
Bahamas,BHS,AMR,2021,NA,NA,NA,NA,NA,NA,NA,NA,NA,NA,2023-07-28
Bahamas,BHS,AMR,2022,NA,NA,NA,NA,NA,NA,NA,NA,NA,NA,2023-07-28
Bahrain,BHR,EMR,2018,NA,NA,NA,NA,NA,NA,NA,NA,NA,NA,2023-07-28
Bahrain,BHR,EMR,2019,NA,NA,NA,NA,NA,NA,NA,NA,NA,NA,2023-07-28
Bahrain,BHR,EMR,2020,NA,NA,NA,NA,NA,NA,NA,NA,NA,NA,2023-07-28
Bahrain,BHR,EMR,2021,NA,NA,NA,NA,NA,NA,NA,NA,NA,NA,2023-07-28
Bahrain,BHR,EMR,2022,NA,NA,NA,NA,NA,NA,NA,NA,NA,NA,2023-07-28
Bangladesh,BGD,SEA,2018,22368855,8695031,17313659,8004443,15660486,9498160,36651484,0,46149644,0,2023-07-28
Bangladesh,BGD,SEA,2019,32123255,1807810,20323571,12753612,21387575,18153743,36966056,0,68101153,12981354,2023-07-28
Bangladesh,BGD,SEA,2020,28849329,2089628,29332255,27344810,25752698,31284925,58400862,0,103185787,13500000,2023-07-28
Bangladesh,BGD,SEA,2021,49661669,9384285,35778032,32188489,17115976,55686165,39263464,0,95080346,130717,2023-07-28
Bangladesh,BGD,SEA,2022,46045848,10890715,41032144,36830781,46892562,73820623,55830653,0,150651276,21000000,2023-07-28
Barbados,BRB,AMR,2018,NA,NA,NA,NA,NA,NA,NA,NA,NA,NA,2023-07-28
Barbados,BRB,AMR,2019,NA,NA,NA,NA,NA,NA,NA,NA,NA,NA,2023-07-28
Barbados,BRB,AMR,2020,NA,NA,NA,NA,NA,NA,NA,NA,NA,NA,2023-07-28
Barbados,BRB,AMR,2021,NA,NA,NA,NA,NA,NA,NA,NA,NA,NA,2023-07-28
Barbados,BRB,AMR,2022,NA,NA,NA,NA,NA,NA,NA,NA,NA,NA,2023-07-28
Belarus,BLR,EUR,2018,1378674,NA,NA,1378674,NA,4457692,3106394,774396,8338482,NA,2023-07-28
Belarus,BLR,EUR,2019,1901223,609012,54665,1901223,54665,4253882,4148972,1239941,9642795,0,2023-07-28
Belarus,BLR,EUR,2020,1498694,55699192,645576,1498694,645576,67114272,6650113,441056,74205441,0,2023-07-28
Belarus,BLR,EUR,2021,2174613,0,34097802,2174613,34097802,67920001,2185789,NA,70105790,0,2023-07-28
Belarus,BLR,EUR,2022,NA,NA,NA,NA,NA,NA,NA,NA,NA,NA,2023-07-28
Belgium,BEL,EUR,2018,NA,NA,NA,NA,NA,NA,NA,NA,NA,NA,2023-07-28
Belgium,BEL,EUR,2019,NA,NA,NA,NA,NA,NA,NA,NA,NA,NA,2023-07-28
Belgium,BEL,EUR,2020,NA,NA,NA,NA,NA,NA,NA,NA,NA,NA,2023-07-28
Belgium,BEL,EUR,2021,NA,NA,NA,NA,NA,NA,NA,NA,NA,NA,2023-07-28
Belgium,BEL,EUR,2022,NA,NA,NA,NA,NA,NA,NA,NA,NA,NA,2023-07-28
Belize,BLZ,AMR,2018,53900,0,182705,53900,182705,33655,466794,0,500449,0,2023-07-28
Belize,BLZ,AMR,2019,53900,NA,182705,15750,182705,101000,166665,0,267665,0,2023-07-28
Belize,BLZ,AMR,2020,53900,0,182705,53900,182705,252203,144646,0,396849,0,2023-07-28
Belize,BLZ,AMR,2021,53900,0,182705,53900,144409,101000,162631,0,263631,0,2023-07-28
Belize,BLZ,AMR,2022,53900,0,182705,53900,144409,106000,162631,0,268631,0,2023-07-28
Benin,BEN,AFR,2018,606750,308293,834567,579090,552602,350893,2913700,0,3264593,0,2023-07-28
Benin,BEN,AFR,2019,587082,0,736084,540007,523130,250788,2081757,33439,2365984,0,2023-07-28
Benin,BEN,AFR,2020,686700,0,504226,497542,501669,204523,2091489,0,2296012,0,2023-07-28
Benin,BEN,AFR,2021,645622,0,618243,538990,603482,399875,2614080,0,3013955,0,2023-07-28
Benin,BEN,AFR,2022,1103900,0,658034,1073594,603482,584002,2707431,0,3291433,0,2023-07-28
Bermuda,BMU,AMR,2018,NA,NA,NA,NA,NA,NA,NA,NA,NA,NA,2023-07-28
Bermuda,BMU,AMR,2019,NA,NA,NA,NA,NA,NA,NA,NA,NA,NA,2023-07-28
Bermuda,BMU,AMR,2020,NA,NA,NA,NA,NA,NA,NA,NA,NA,NA,2023-07-28
Bermuda,BMU,AMR,2021,NA,NA,NA,NA,NA,NA,NA,NA,NA,NA,2023-07-28
Bermuda,BMU,AMR,2022,NA,NA,NA,NA,NA,NA,NA,NA,NA,NA,2023-07-28
Bhutan,BTN,SEA,2018,602850,671763,0,194400,0,608335,478874,NA,1087209,NA,2023-07-28
Bhutan,BTN,SEA,2019,167450,0,13432,54200,5543,12857,381263,14757,408877,0,2023-07-28
Bhutan,BTN,SEA,2020,205000,0,6000,101040,5666,20000,316237,0,336237,0,2023-07-28
Bhutan,BTN,SEA,2021,267600,0,5923,235227,5923,60000,505861,50000,615861,0,2023-07-28
Bhutan,BTN,SEA,2022,193737,640383,14594,123540,9729,115861,680833,90000,886694,0,2023-07-28
Bolivia (Plurinational State of),BOL,AMR,2018,2702506,577593,193625,2702506,193625,1113122,5273632,0,6386754,0,2023-07-28
Bolivia (Plurinational State of),BOL,AMR,2019,3042127,1180009,422141,3042127,422141,1861700,5002454,0,6864154,0,2023-07-28
Bolivia (Plurinational State of),BOL,AMR,2020,NA,NA,NA,541083,245299,1814699,1621341,0,3436040,0,2023-07-28
Bolivia (Plurinational State of),BOL,AMR,2021,693592,0,245299,693592,245299,1810344,2291173,0,4101517,0,2023-07-28
Bolivia (Plurinational State of),BOL,AMR,2022,NA,NA,NA,NA,NA,NA,NA,NA,NA,NA,2023-07-28
Bosnia and Herzegovina,BIH,EUR,2018,3196979,3350,126184,3196979,126184,7976671,NA,NA,7976671,NA,2023-07-28
Bosnia and Herzegovina,BIH,EUR,2019,568307,11429,2218262,568307,2218262,2997555,1760,0,2999315,0,2023-07-28
Bosnia and Herzegovina,BIH,EUR,2020,NA,NA,NA,NA,NA,71552,NA,NA,71552,NA,2023-07-28
Bosnia and Herzegovina,BIH,EUR,2021,NA,NA,NA,NA,NA,73239,NA,NA,73239,NA,2023-07-28
Bosnia and Herzegovina,BIH,EUR,2022,NA,NA,NA,NA,NA,43857,NA,NA,43857,NA,2023-07-28
Botswana,BWA,AFR,2018,2197214,4202995,1080000,2197214,1080000,5838455,1900000,0,8238455,500000,2023-07-28
Botswana,BWA,AFR,2019,1168144,948422,1260000,471319,1260000,5069849,600000,100000,6069849,300000,2023-07-28
Botswana,BWA,AFR,2020,87000,0,360000,61000,252000,11548220,2000000,500000,14048220,0,2023-07-28
Botswana,BWA,AFR,2021,NA,NA,NA,NA,NA,NA,NA,NA,NA,NA,2023-07-28
Botswana,BWA,AFR,2022,2201605,100000,1500550,1927000,1500550,6500000,300000,600000,7500000,100000,2023-07-28
Brazil,BRA,AMR,2018,5500000,NA,12000000,5339198,9631756,47987348,0,0,47987348,0,2023-07-28
Brazil,BRA,AMR,2019,7142388,117000,660802,7142388,660802,38052385,NA,117000,38169385,NA,2023-07-28
Brazil,BRA,AMR,2020,6774730,22000,641205,6774730,641205,34157348,0,22000,34179348,0,2023-07-28
Brazil,BRA,AMR,2021,4087862,17000,656254,4087862,656254,27602345,0,17000,27619345,0,2023-07-28
Brazil,BRA,AMR,2022,5302933,17000,714938,5302933,714938,33969698,0,17000,33986698,0,2023-07-28
British Virgin Islands,VGB,AMR,2018,NA,NA,NA,NA,NA,NA,NA,NA,NA,NA,2023-07-28
British Virgin Islands,VGB,AMR,2019,NA,NA,NA,NA,NA,NA,NA,NA,NA,NA,2023-07-28
British Virgin Islands,VGB,AMR,2020,NA,NA,NA,NA,NA,NA,NA,NA,NA,NA,2023-07-28
British Virgin Islands,VGB,AMR,2021,NA,NA,NA,NA,NA,NA,NA,NA,NA,NA,2023-07-28
British Virgin Islands,VGB,AMR,2022,NA,NA,NA,NA,NA,NA,NA,NA,NA,NA,2023-07-28
Brunei Darussalam,BRN,WPR,2018,NA,NA,NA,NA,NA,NA,NA,NA,NA,NA,2023-07-28
Brunei Darussalam,BRN,WPR,2019,NA,NA,NA,NA,NA,NA,NA,NA,NA,NA,2023-07-28
Brunei Darussalam,BRN,WPR,2020,NA,NA,NA,NA,NA,NA,NA,NA,NA,NA,2023-07-28
Brunei Darussalam,BRN,WPR,2021,NA,NA,NA,NA,NA,NA,NA,NA,NA,NA,2023-07-28
Brunei Darussalam,BRN,WPR,2022,NA,NA,NA,NA,NA,NA,NA,NA,NA,NA,2023-07-28
Bulgaria,BGR,EUR,2018,75077,411569,7068749,75077,7068749,7449884,1385133,0,8835017,0,2023-07-28
Bulgaria,BGR,EUR,2019,347747,324373,6423646,347747,6423646,7655138,0,0,7655138,0,2023-07-28
Bulgaria,BGR,EUR,2020,428792,0,7586734,428792,7586734,8408528,0,0,8408528,0,2023-07-28
Bulgaria,BGR,EUR,2021,410061,0,4175826,410061,4175826,4950315,0,0,4950315,0,2023-07-28
Bulgaria,BGR,EUR,2022,347000,0,2500000,347000,2500000,3408703,0,0,3408703,0,2023-07-28
Burkina Faso,BFA,AFR,2018,1886405,62838,229289,916392,10207,521867,4100179,5800,4627846,0,2023-07-28
Burkina Faso,BFA,AFR,2019,2313821,68638,229289,2069078,92573,303318,3265101,NA,3568419,NA,2023-07-28
Burkina Faso,BFA,AFR,2020,1376258,57038,237269,368407,112519,148138,1213172,45429,1406739,NA,2023-07-28
Burkina Faso,BFA,AFR,2021,1241134,80517,370499,63100,0,160000,1563944,0,1723944,0,2023-07-28
Burkina Faso,BFA,AFR,2022,1878208,57038,229289,0,78434,95137,1795035,NA,1890172,NA,2023-07-28
Burundi,BDI,AFR,2018,NA,NA,NA,NA,NA,NA,NA,NA,NA,NA,2023-07-28
Burundi,BDI,AFR,2019,383038,NA,2093695,NA,NA,73099,622730,0,695829,0,2023-07-28
Burundi,BDI,AFR,2020,1696155,628814,1328429,351086,201455,368946,610245,673692,1652883,0,2023-07-28
Burundi,BDI,AFR,2021,5214176,71788,2452721,746894,243211,361478,1021786,379390,1762654,0,2023-07-28
Burundi,BDI,AFR,2022,2583221,1431734,3533520,803348,257444,339802,1488356,240860,2069018,0,2023-07-28
Cabo Verde,CPV,AFR,2018,11000,NA,21600,11000,21600,66200,20000,NA,86200,0,2023-07-28
Cabo Verde,CPV,AFR,2019,20000,NA,21600,20000,21600,77000,11600,0,88600,0,2023-07-28
Cabo Verde,CPV,AFR,2020,11000,NA,21600,11000,21600,63600,24500,0,88100,0,2023-07-28
Cabo Verde,CPV,AFR,2021,11000,NA,21600,11000,21600,65300,21000,NA,86300,NA,2023-07-28
Cabo Verde,CPV,AFR,2022,11000,0,21600,11000,21600,59100,18000,NA,77100,0,2023-07-28
Cambodia,KHM,WPR,2018,3658217,4820101,8408491,1594549,3068829,4559546,4979168,2050000,13288714,1700000,2023-07-28
Cambodia,KHM,WPR,2019,3000000,2000000,8477562,1420931,3343864,5184850,5000000,1230000,12414850,1000000,2023-07-28
Cambodia,KHM,WPR,2020,4472988,500000,6550604,1702882,4444094,6247179,8330839,1600000,16778018,600000,2023-07-28
Cambodia,KHM,WPR,2021,4400000,4000000,8700000,2000000,4500000,6300000,7892639,1748000,17440639,1500000,2023-07-28
Cambodia,KHM,WPR,2022,4800000,4000000,10000000,2000000,5000000,6000000,12000000,800000,20500000,1700000,2023-07-28
Cameroon,CMR,AFR,2018,1323630,1354020,989728,346870,703524,1452071,2755188,NA,4207259,0,2023-07-28
Cameroon,CMR,AFR,2019,2270828,1360177,989728,851500,315414,784514,3535813,NA,4320327,NA,2023-07-28
Cameroon,CMR,AFR,2020,1819345,0,914660,818295,543405,662073,3229508,82759,3974340,0,2023-07-28
Cameroon,CMR,AFR,2021,1203941,1050000,459206,1203941,459206,567836,6042092,1050000,7659928,NA,2023-07-28
Cameroon,CMR,AFR,2022,981678,0,1326580,981678,1326580,1438513,5728830,1200000,8367343,0,2023-07-28
Canada,CAN,AMR,2018,NA,NA,NA,NA,NA,NA,NA,NA,NA,NA,2023-07-28
Canada,CAN,AMR,2019,NA,NA,NA,NA,NA,NA,NA,NA,NA,NA,2023-07-28
Canada,CAN,AMR,2020,NA,NA,NA,NA,NA,NA,NA,NA,NA,NA,2023-07-28
Canada,CAN,AMR,2021,NA,NA,NA,NA,NA,NA,NA,NA,NA,NA,2023-07-28
Canada,CAN,AMR,2022,NA,NA,NA,NA,NA,NA,NA,NA,NA,NA,2023-07-28
Cayman Islands,CYM,AMR,2018,NA,NA,NA,NA,NA,NA,NA,NA,NA,NA,2023-07-28
Cayman Islands,CYM,AMR,2019,NA,NA,NA,NA,NA,NA,NA,NA,NA,NA,2023-07-28
Cayman Islands,CYM,AMR,2020,NA,NA,NA,NA,NA,NA,NA,NA,NA,NA,2023-07-28
Cayman Islands,CYM,AMR,2021,NA,NA,NA,NA,NA,NA,NA,NA,NA,NA,2023-07-28
Cayman Islands,CYM,AMR,2022,NA,NA,NA,NA,NA,NA,NA,NA,NA,NA,2023-07-28
Central African Republic,CAF,AFR,2018,219973,NA,427639,209160,302582,272484,1012868,NA,1285352,NA,2023-07-28
Central African Republic,CAF,AFR,2019,495430,0,427639,495430,427639,772672,1036438,80000,1949110,60000,2023-07-28
Central African Republic,CAF,AFR,2020,495430,20000,427639,495430,427639,772672,1367434,80000,2420106,200000,2023-07-28
Central African Republic,CAF,AFR,2021,558510,22546,482078,661812,571243,1209240,2410763,26716,3694664,47945,2023-07-28
Central African Republic,CAF,AFR,2022,471563,26672,420305,428139,382824,732626,2389006,23892,3185341,39817,2023-07-28
Chad,TCD,AFR,2018,94783,0,110345,48235,120106,NA,2020614,NA,2020614,NA,2023-07-28
Chad,TCD,AFR,2019,1038826,553353,623115,660238,119724,357142,1732076,0,2089218,0,2023-07-28
Chad,TCD,AFR,2020,1532420,0,500000,354264,500000,400000,1560067,30000,1990067,0,2023-07-28
Chad,TCD,AFR,2021,1564250,224200,1163598,810402,169550,525840,1641894,207407,2375141,0,2023-07-28
Chad,TCD,AFR,2022,NA,NA,NA,NA,NA,NA,NA,0,0,0,2023-07-28
Chile,CHL,AMR,2018,NA,NA,3000000,NA,250000,250000,NA,NA,250000,NA,2023-07-28
Chile,CHL,AMR,2019,NA,3500000,NA,NA,NA,250000,0,0,250000,0,2023-07-28
Chile,CHL,AMR,2020,NA,3800000,NA,NA,NA,60000,0,0,60000,0,2023-07-28
Chile,CHL,AMR,2021,NA,NA,NA,NA,NA,NA,NA,NA,NA,NA,2023-07-28
Chile,CHL,AMR,2022,NA,NA,NA,NA,NA,NA,NA,NA,NA,NA,2023-07-28
China,CHN,WPR,2018,11047619,NA,137934914,11047619,137934914,527810103,NA,13212438,541022541,NA,2023-07-28
China,CHN,WPR,2019,33671641,0,146348944,33671641,146348944,664180563,0,6837963,671018526,0,2023-07-28
China,CHN,WPR,2020,37971831,0,155129881,37971831,155129881,884489066,NA,352113,884841179,NA,2023-07-28
China,CHN,WPR,2021,3875000,NA,158697868,3875000,158697868,792175512,NA,190565,792366077,NA,2023-07-28
China,CHN,WPR,2022,4485981,NA,172504582,4485981,172504582,862153599,NA,NA,862153599,NA,2023-07-28
"China, Hong Kong SAR",HKG,WPR,2018,NA,NA,NA,NA,NA,NA,NA,NA,NA,NA,2023-07-28
"China, Hong Kong SAR",HKG,WPR,2019,NA,NA,NA,NA,NA,NA,NA,NA,NA,NA,2023-07-28
"China, Hong Kong SAR",HKG,WPR,2020,NA,NA,NA,NA,NA,NA,NA,NA,NA,NA,2023-07-28
"China, Hong Kong SAR",HKG,WPR,2021,NA,NA,NA,NA,NA,NA,NA,NA,NA,NA,2023-07-28
"China, Hong Kong SAR",HKG,WPR,2022,NA,NA,NA,NA,NA,NA,NA,NA,NA,NA,2023-07-28
"China, Macao SAR",MAC,WPR,2018,NA,NA,NA,NA,NA,NA,NA,NA,NA,NA,2023-07-28
"China, Macao SAR",MAC,WPR,2019,NA,NA,NA,NA,NA,NA,NA,NA,NA,NA,2023-07-28
"China, Macao SAR",MAC,WPR,2020,NA,NA,NA,NA,NA,NA,NA,NA,NA,NA,2023-07-28
"China, Macao SAR",MAC,WPR,2021,NA,NA,NA,NA,NA,NA,NA,NA,NA,NA,2023-07-28
"China, Macao SAR",MAC,WPR,2022,NA,NA,NA,NA,NA,NA,NA,NA,NA,NA,2023-07-28
Colombia,COL,AMR,2018,167000,0,5500000,83000,1630000,3741000,0,0,3741000,0,2023-07-28
Colombia,COL,AMR,2019,227087,NA,1767877,227087,1589606,4184919,NA,NA,4184919,NA,2023-07-28
Colombia,COL,AMR,2020,325000,700000,1827500,325000,1827500,6176700,0,0,6176700,0,2023-07-28
Colombia,COL,AMR,2021,400000,400000,1827500,300000,1800000,3631600,0,0,3631600,0,2023-07-28
Colombia,COL,AMR,2022,400000,200000,2000000,400000,2000000,5073584,400000,0,5473584,0,2023-07-28
Comoros,COM,AFR,2018,NA,NA,NA,NA,NA,NA,NA,NA,NA,NA,2023-07-28
Comoros,COM,AFR,2019,NA,NA,NA,NA,NA,NA,NA,NA,NA,NA,2023-07-28
Comoros,COM,AFR,2020,NA,NA,NA,NA,NA,NA,NA,NA,NA,NA,2023-07-28
Comoros,COM,AFR,2021,NA,NA,NA,NA,NA,NA,NA,NA,NA,NA,2023-07-28
Comoros,COM,AFR,2022,NA,NA,NA,NA,NA,NA,NA,NA,NA,NA,2023-07-28
Congo,COG,AFR,2018,101806,0,0,101806,0,1091802,434512,0,1526314,0,2023-07-28
Congo,COG,AFR,2019,101507,0,4961,101507,4961,52324,870356,0,922680,0,2023-07-28
Congo,COG,AFR,2020,2184237,94912,2520708,1818800,2448734,94912,5966084,0,6060996,0,2023-07-28
Congo,COG,AFR,2021,954458,205440,186911,954458,186911,1045318,776003,NA,1821321,NA,2023-07-28
Congo,COG,AFR,2022,835815,0,17570,835815,17570,2813795,338084,0,3151879,0,2023-07-28
Cook Islands,COK,WPR,2018,NA,NA,NA,NA,NA,NA,NA,NA,NA,NA,2023-07-28
Cook Islands,COK,WPR,2019,NA,NA,NA,NA,NA,NA,NA,NA,NA,NA,2023-07-28
Cook Islands,COK,WPR,2020,NA,NA,NA,NA,NA,NA,NA,NA,NA,NA,2023-07-28
Cook Islands,COK,WPR,2021,NA,NA,NA,NA,NA,NA,NA,NA,NA,NA,2023-07-28
Cook Islands,COK,WPR,2022,NA,NA,NA,NA,NA,NA,NA,NA,NA,NA,2023-07-28
Costa Rica,CRI,AMR,2018,NA,NA,NA,NA,NA,NA,NA,NA,NA,NA,2023-07-28
Costa Rica,CRI,AMR,2019,NA,NA,NA,NA,NA,NA,NA,NA,NA,NA,2023-07-28
Costa Rica,CRI,AMR,2020,NA,NA,NA,NA,NA,NA,NA,NA,NA,NA,2023-07-28
Costa Rica,CRI,AMR,2021,NA,NA,NA,NA,NA,NA,NA,NA,NA,NA,2023-07-28
Costa Rica,CRI,AMR,2022,NA,NA,NA,NA,NA,NA,NA,NA,NA,NA,2023-07-28
Côte d'Ivoire,CIV,AFR,2018,992290,165717,954509,513193,627610,362482,3671133,186392,4220007,0,2023-07-28
Côte d'Ivoire,CIV,AFR,2019,3230387,168860,1353069,990674,598957,3490092,2698861,611418,6800371,0,2023-07-28
Côte d'Ivoire,CIV,AFR,2020,3280489,380656,1325419,892066,605124,2744127,2643389,241625,5629141,0,2023-07-28
Côte d'Ivoire,CIV,AFR,2021,10548959,920611,8812360,1745234,599398,3366944,4538750,123588,8029282,0,2023-07-28
Côte d'Ivoire,CIV,AFR,2022,3143643,708603,7443590,1668971,555107,5861273,5718268,130210,11709751,0,2023-07-28
Croatia,HRV,EUR,2018,NA,NA,NA,NA,NA,NA,NA,NA,NA,NA,2023-07-28
Croatia,HRV,EUR,2019,NA,NA,NA,NA,NA,NA,NA,NA,NA,NA,2023-07-28
Croatia,HRV,EUR,2020,NA,NA,NA,NA,NA,NA,NA,NA,NA,NA,2023-07-28
Croatia,HRV,EUR,2021,NA,NA,NA,NA,NA,NA,NA,NA,NA,NA,2023-07-28
Croatia,HRV,EUR,2022,NA,NA,NA,NA,NA,NA,NA,NA,NA,NA,2023-07-28
Cuba,CUB,AMR,2018,NA,NA,NA,NA,NA,NA,NA,NA,NA,NA,2023-07-28
Cuba,CUB,AMR,2019,NA,NA,NA,NA,NA,NA,NA,NA,NA,NA,2023-07-28
Cuba,CUB,AMR,2020,NA,NA,NA,NA,NA,NA,NA,NA,NA,NA,2023-07-28
Cuba,CUB,AMR,2021,NA,NA,NA,NA,NA,NA,NA,NA,NA,NA,2023-07-28
Cuba,CUB,AMR,2022,NA,NA,NA,NA,NA,NA,NA,NA,NA,NA,2023-07-28
Curaçao,CUW,AMR,2018,NA,NA,NA,NA,NA,NA,NA,NA,NA,NA,2023-07-28
Curaçao,CUW,AMR,2019,NA,NA,NA,NA,NA,NA,NA,NA,NA,NA,2023-07-28
Curaçao,CUW,AMR,2020,NA,NA,NA,NA,NA,NA,NA,NA,NA,NA,2023-07-28
Curaçao,CUW,AMR,2021,NA,NA,NA,NA,NA,NA,NA,NA,NA,NA,2023-07-28
Curaçao,CUW,AMR,2022,NA,NA,NA,NA,NA,NA,NA,NA,NA,NA,2023-07-28
Cyprus,CYP,EUR,2018,NA,NA,NA,NA,NA,NA,NA,NA,NA,NA,2023-07-28
Cyprus,CYP,EUR,2019,NA,NA,NA,NA,NA,NA,NA,NA,NA,NA,2023-07-28
Cyprus,CYP,EUR,2020,NA,NA,NA,NA,NA,NA,NA,NA,NA,NA,2023-07-28
Cyprus,CYP,EUR,2021,NA,NA,NA,NA,NA,NA,NA,NA,NA,NA,2023-07-28
Cyprus,CYP,EUR,2022,NA,NA,NA,NA,NA,NA,NA,NA,NA,NA,2023-07-28
Czechia,CZE,EUR,2018,NA,NA,NA,NA,NA,NA,NA,NA,NA,NA,2023-07-28
Czechia,CZE,EUR,2019,NA,NA,NA,NA,NA,NA,NA,NA,NA,NA,2023-07-28
Czechia,CZE,EUR,2020,NA,NA,NA,NA,NA,NA,NA,NA,NA,NA,2023-07-28
Czechia,CZE,EUR,2021,NA,NA,NA,NA,NA,NA,NA,NA,NA,NA,2023-07-28
Czechia,CZE,EUR,2022,NA,NA,NA,NA,NA,NA,NA,NA,NA,NA,2023-07-28
Democratic People's Republic of Korea,PRK,SEA,2018,3689221,17390262,2517300,108700,2517300,5721900,268837,639600,6630337,0,2023-07-28
Democratic People's Republic of Korea,PRK,SEA,2019,4194415,10572573,2580600,438700,2580600,5865100,4018900,2732200,12616200,0,2023-07-28
Democratic People's Republic of Korea,PRK,SEA,2020,3743870,9062950,2644000,2371445,2644000,6009200,14730153,4407440,25146793,0,2023-07-28
Democratic People's Republic of Korea,PRK,SEA,2021,1304737,8613662,2666600,1304737,2666600,6102100,8397348,0,14499448,0,2023-07-28
Democratic People's Republic of Korea,PRK,SEA,2022,1304737,8613662,2666600,115900,2666600,6030327,1783064,0,7813391,0,2023-07-28
Democratic Republic of the Congo,COD,AFR,2018,7098269,8000350,5310169,3973483,4886695,1500045,25666879,5775096,37543159,4601139,2023-07-28
Democratic Republic of the Congo,COD,AFR,2019,6304718,2277868,5594703,1466023,1828732,1711405,16431571,5858316,26244255,2242963,2023-07-28
Democratic Republic of the Congo,COD,AFR,2020,5103703,2280169,5594704,1975234,1828733,847298,17535177,4751817,25377255,2242963,2023-07-28
Democratic Republic of the Congo,COD,AFR,2021,11873032,480526,4923455,11146344,4903190,719985,29390839,773654,35004478,4120000,2023-07-28
Democratic Republic of the Congo,COD,AFR,2022,5668945,730526,4923455,2320312,2635013,2399109,20243326,4751817,37894252,10500000,2023-07-28
Denmark,DNK,EUR,2018,NA,NA,NA,NA,NA,NA,NA,NA,NA,NA,2023-07-28
Denmark,DNK,EUR,2019,NA,NA,NA,NA,NA,NA,NA,NA,NA,NA,2023-07-28
Denmark,DNK,EUR,2020,NA,NA,NA,NA,NA,NA,NA,NA,NA,NA,2023-07-28
Denmark,DNK,EUR,2021,NA,NA,NA,NA,NA,NA,NA,NA,NA,NA,2023-07-28
Denmark,DNK,EUR,2022,NA,NA,NA,NA,NA,NA,NA,NA,NA,NA,2023-07-28
Djibouti,DJI,EMR,2018,225491,0,54322,225491,54322,NA,470570,NA,470570,NA,2023-07-28
Djibouti,DJI,EMR,2019,185000,250000,250000,0,128836,NA,476867,NA,526867,50000,2023-07-28
Djibouti,DJI,EMR,2020,459365,NA,100000,156685,64418,NA,718017,NA,718017,NA,2023-07-28
Djibouti,DJI,EMR,2021,NA,NA,NA,NA,NA,NA,NA,NA,NA,NA,2023-07-28
Djibouti,DJI,EMR,2022,NA,NA,NA,NA,NA,NA,NA,NA,NA,NA,2023-07-28
Dominica,DMA,AMR,2018,NA,NA,NA,NA,NA,NA,NA,NA,NA,NA,2023-07-28
Dominica,DMA,AMR,2019,NA,NA,NA,NA,NA,NA,NA,NA,NA,NA,2023-07-28
Dominica,DMA,AMR,2020,NA,NA,NA,NA,NA,NA,NA,NA,NA,NA,2023-07-28
Dominica,DMA,AMR,2021,NA,NA,NA,NA,NA,NA,NA,NA,NA,NA,2023-07-28
Dominica,DMA,AMR,2022,NA,NA,NA,NA,NA,NA,NA,NA,NA,NA,2023-07-28
Dominican Republic,DOM,AMR,2018,981437,5480000,10941251,481437,10941251,16628094,4742113,0,21450207,80000,2023-07-28
Dominican Republic,DOM,AMR,2019,1500000,4000000,11876804,1256566,11876804,18978288,2282650,0,21260938,0,2023-07-28
Dominican Republic,DOM,AMR,2020,1500000,2695869,12563670,1256566,12563670,18558031,2542680,0,21100711,0,2023-07-28
Dominican Republic,DOM,AMR,2021,1500000,0,12563670,1256566,12563670,25979882,500000,0,26521882,42000,2023-07-28
Dominican Republic,DOM,AMR,2022,2016573,851,13820,2016573,13820,3233931,1071648,56282,4361861,0,2023-07-28
Ecuador,ECU,AMR,2018,356882,NA,NA,96381,NA,481322,NA,NA,481322,NA,2023-07-28
Ecuador,ECU,AMR,2019,105098,NA,NA,105098,NA,979714,0,0,979714,0,2023-07-28
Ecuador,ECU,AMR,2020,NA,NA,NA,NA,NA,826078,0,0,826078,0,2023-07-28
Ecuador,ECU,AMR,2021,0,0,0,0,0,592095,0,0,592095,0,2023-07-28
Ecuador,ECU,AMR,2022,158519,NA,NA,158519,NA,758730,0,0,758730,0,2023-07-28
Egypt,EGY,EMR,2018,NA,NA,NA,NA,NA,NA,NA,NA,NA,NA,2023-07-28
Egypt,EGY,EMR,2019,NA,NA,NA,NA,NA,NA,NA,NA,NA,NA,2023-07-28
Egypt,EGY,EMR,2020,NA,NA,NA,NA,NA,NA,NA,NA,NA,NA,2023-07-28
Egypt,EGY,EMR,2021,NA,NA,NA,NA,NA,NA,NA,NA,NA,NA,2023-07-28
Egypt,EGY,EMR,2022,NA,872959,NA,NA,NA,7500000,500000,0,8000000,0,2023-07-28
El Salvador,SLV,AMR,2018,1048398,1057467,1275309,1048398,1275309,1465145,4426305,10000,5901450,0,2023-07-28
El Salvador,SLV,AMR,2019,376900,289047,5385113,376900,5385113,10110865,1696893,NA,11807758,NA,2023-07-28
El Salvador,SLV,AMR,2020,884564,460158,6350929,884564,6350929,8788385,2120806,0,10909191,0,2023-07-28
El Salvador,SLV,AMR,2021,869525,293359,4313181,869525,4313181,5228929,1672805,0,6901734,0,2023-07-28
El Salvador,SLV,AMR,2022,3160372,85961,3204195,3160372,3204195,8016012,1667967,0,9683979,0,2023-07-28
Equatorial Guinea,GNQ,AFR,2018,NA,NA,NA,NA,NA,NA,NA,NA,NA,NA,2023-07-28
Equatorial Guinea,GNQ,AFR,2019,101000,NA,60000,101000,60000,329000,NA,NA,329000,NA,2023-07-28
Equatorial Guinea,GNQ,AFR,2020,650000,0,100000,50000,30000,283000,0,120880,403880,0,2023-07-28
Equatorial Guinea,GNQ,AFR,2021,482952,296497,65895,474027,65895,782458,0,239363,1021821,0,2023-07-28
Equatorial Guinea,GNQ,AFR,2022,400000,0,100000,264901,77007,624308,0,150000,774308,0,2023-07-28
Eritrea,ERI,AFR,2018,497684,228864,20000,497684,20000,20000,1404440,10000,1434440,0,2023-07-28
Eritrea,ERI,AFR,2019,491096,153535,NA,491096,NA,NA,1404488,NA,1404488,NA,2023-07-28
Eritrea,ERI,AFR,2020,641481,NA,NA,560545,NA,NA,1597303,NA,1597303,NA,2023-07-28
Eritrea,ERI,AFR,2021,1987694,NA,144000,710939,144000,NA,1597303,NA,1597303,NA,2023-07-28
Eritrea,ERI,AFR,2022,1987694,0,201061,939124,201061,0,1900148,0,1900148,0,2023-07-28
Estonia,EST,EUR,2018,18000,10000,42000,18000,42000,1200100,NA,NA,1200100,NA,2023-07-28
Estonia,EST,EUR,2019,18000,10000,42000,18000,42000,1034450,NA,NA,1034450,NA,2023-07-28
Estonia,EST,EUR,2020,18000,12000,40000,18000,40000,1108000,NA,NA,1108000,NA,2023-07-28
Estonia,EST,EUR,2021,NA,NA,NA,NA,NA,NA,NA,NA,NA,NA,2023-07-28
Estonia,EST,EUR,2022,NA,NA,NA,NA,NA,NA,NA,NA,NA,NA,2023-07-28
Eswatini,SWZ,AFR,2018,1962385,0,3413965,1962385,3413965,1738295,5713115,5048358,12499768,NA,2023-07-28
Eswatini,SWZ,AFR,2019,672330,1045508,1763491,672330,1763491,2055370,6548651,3421350,12025371,NA,2023-07-28
Eswatini,SWZ,AFR,2020,908447,NA,3290314,908447,3290314,3215464,4956028,4823343,12994835,NA,2023-07-28
Eswatini,SWZ,AFR,2021,1487071,192367,2307172,1487071,2307172,1326665,3627155,192367,9653831,4507644,2023-07-28
Eswatini,SWZ,AFR,2022,1052592,15000,2200188,1052592,2200188,1245367,5364093,568456,11852238,4674322,2023-07-28
Ethiopia,ETH,AFR,2018,19753571,15711896,8366818,9494709,7190246,10190096,16793726,2839773,40530224,10706629,2023-07-28
Ethiopia,ETH,AFR,2019,20004089,15911157,8472927,6760166,7617450,10319329,13388780,2784812,37940235,11447314,2023-07-28
Ethiopia,ETH,AFR,2020,18151558,14437662,9688269,6185031,9463680,9303503,13057257,2943842,37653602,12349000,2023-07-28
Ethiopia,ETH,AFR,2021,23347619,478000,4878388,6772773,4359045,13257323,19894539,2426553,48078415,12500000,2023-07-28
Ethiopia,ETH,AFR,2022,24531095,6243578,5125671,21756543,5058368,14601066,19398632,4701901,51501599,12800000,2023-07-28
Fiji,FJI,WPR,2018,300000,0,181000,300000,181000,332459,313736,NA,646195,0,2023-07-28
Fiji,FJI,WPR,2019,5000,0,840000,4000,784000,1030000,0,25000,1055000,0,2023-07-28
Fiji,FJI,WPR,2020,50000,NA,500000,0,450000,471000,NA,10000,481000,NA,2023-07-28
Fiji,FJI,WPR,2021,50000,NA,500000,0,250000,271000,NA,10000,281000,NA,2023-07-28
Fiji,FJI,WPR,2022,25000,0,450000,25000,450000,652000,NA,30000,682000,NA,2023-07-28
Finland,FIN,EUR,2018,NA,NA,NA,NA,NA,NA,NA,NA,NA,NA,2023-07-28
Finland,FIN,EUR,2019,NA,NA,NA,NA,NA,NA,NA,NA,NA,NA,2023-07-28
Finland,FIN,EUR,2020,NA,NA,NA,NA,NA,NA,NA,NA,NA,NA,2023-07-28
Finland,FIN,EUR,2021,NA,NA,NA,NA,NA,NA,NA,NA,NA,NA,2023-07-28
Finland,FIN,EUR,2022,NA,NA,NA,NA,NA,NA,NA,NA,NA,NA,2023-07-28
France,FRA,EUR,2018,NA,NA,NA,NA,NA,NA,NA,NA,NA,NA,2023-07-28
France,FRA,EUR,2019,NA,NA,NA,NA,NA,NA,NA,NA,NA,NA,2023-07-28
France,FRA,EUR,2020,NA,NA,NA,NA,NA,NA,NA,NA,NA,NA,2023-07-28
France,FRA,EUR,2021,NA,NA,NA,NA,NA,NA,NA,NA,NA,NA,2023-07-28
France,FRA,EUR,2022,NA,NA,NA,NA,NA,NA,NA,NA,NA,NA,2023-07-28
French Polynesia,PYF,WPR,2018,NA,NA,NA,NA,NA,NA,NA,NA,NA,NA,2023-07-28
French Polynesia,PYF,WPR,2019,NA,NA,NA,NA,NA,NA,NA,NA,NA,NA,2023-07-28
French Polynesia,PYF,WPR,2020,NA,NA,NA,NA,NA,NA,NA,NA,NA,NA,2023-07-28
French Polynesia,PYF,WPR,2021,NA,NA,NA,NA,NA,NA,NA,NA,NA,NA,2023-07-28
French Polynesia,PYF,WPR,2022,NA,NA,NA,NA,NA,NA,NA,NA,NA,NA,2023-07-28
Gabon,GAB,AFR,2018,940717,NA,3307162,482705,213141,1905388,2891849,NA,4797237,NA,2023-07-28
Gabon,GAB,AFR,2019,895773,NA,300941,136238,300941,1377539,379284,99091,1855914,NA,2023-07-28
Gabon,GAB,AFR,2020,97441,NA,258631,93821,256418,975468,459880,38695,1474043,NA,2023-07-28
Gabon,GAB,AFR,2021,NA,NA,NA,NA,NA,NA,356324,NA,356324,NA,2023-07-28
Gabon,GAB,AFR,2022,769536,NA,504830,205260,504830,161537,1237570,0,1399107,0,2023-07-28
Gambia,GMB,AFR,2018,NA,NA,NA,NA,NA,NA,NA,NA,NA,NA,2023-07-28
Gambia,GMB,AFR,2019,NA,NA,NA,NA,NA,NA,NA,NA,NA,NA,2023-07-28
Gambia,GMB,AFR,2020,NA,NA,NA,NA,NA,NA,NA,NA,NA,NA,2023-07-28
Gambia,GMB,AFR,2021,NA,NA,NA,NA,NA,NA,NA,NA,NA,NA,2023-07-28
Gambia,GMB,AFR,2022,NA,NA,NA,NA,NA,NA,NA,NA,NA,NA,2023-07-28
Georgia,GEO,EUR,2018,2405040,9557892,1328994,1953686,959305,6236002,4865885,2776941,13999104,120276,2023-07-28
Georgia,GEO,EUR,2019,1959554,5052062,1166636,3290682,940381,6225437,6572395,1086577,14083209,198800,2023-07-28
Georgia,GEO,EUR,2020,2273371,4523307,1237070,1223092,737290,5562586,2827470,1830390,10220446,0,2023-07-28
Georgia,GEO,EUR,2021,2625782,4523133,958347,1230684,796781,4970055,3619143,1534613,10123811,0,2023-07-28
Georgia,GEO,EUR,2022,2654513,4329289,960347,1362092,928098,6317742,2924662,943443,10185847,0,2023-07-28
Germany,DEU,EUR,2018,NA,NA,NA,NA,NA,NA,NA,NA,NA,NA,2023-07-28
Germany,DEU,EUR,2019,NA,NA,NA,NA,NA,NA,NA,NA,NA,NA,2023-07-28
Germany,DEU,EUR,2020,NA,NA,NA,NA,NA,NA,NA,NA,NA,NA,2023-07-28
Germany,DEU,EUR,2021,NA,NA,NA,NA,NA,NA,NA,NA,NA,NA,2023-07-28
Germany,DEU,EUR,2022,NA,NA,NA,NA,NA,NA,NA,NA,NA,NA,2023-07-28
Ghana,GHA,AFR,2018,6980002,9291864,2633249,2421658,1630266,3755000,4569381,0,8474381,150000,2023-07-28
Ghana,GHA,AFR,2019,3557819,4618475,2822110,2857819,2193292,2650557,9268081,0,12068638,150000,2023-07-28
Ghana,GHA,AFR,2020,3557819,2618475,3022110,3364784,3022110,6228637,7308000,0,13686637,150000,2023-07-28
Ghana,GHA,AFR,2021,2488054,291669,1564520,1764536,1332872,1037575,5365473,NA,6553048,150000,2023-07-28
Ghana,GHA,AFR,2022,5184613,550000,1564520,3732192,1332872,1426144,7724613,NA,9300757,150000,2023-07-28
Greece,GRC,EUR,2018,NA,NA,NA,NA,NA,NA,NA,NA,NA,NA,2023-07-28
Greece,GRC,EUR,2019,NA,NA,NA,NA,NA,NA,NA,NA,NA,NA,2023-07-28
Greece,GRC,EUR,2020,NA,NA,NA,NA,NA,NA,NA,NA,NA,NA,2023-07-28
Greece,GRC,EUR,2021,NA,NA,NA,NA,NA,NA,NA,NA,NA,NA,2023-07-28
Greece,GRC,EUR,2022,NA,NA,NA,NA,NA,NA,NA,NA,NA,NA,2023-07-28
Greenland,GRL,EUR,2018,NA,NA,NA,NA,NA,NA,NA,NA,NA,NA,2023-07-28
Greenland,GRL,EUR,2019,NA,NA,NA,NA,NA,NA,NA,NA,NA,NA,2023-07-28
Greenland,GRL,EUR,2020,NA,NA,NA,NA,NA,NA,NA,NA,NA,NA,2023-07-28
Greenland,GRL,EUR,2021,NA,NA,NA,NA,NA,NA,NA,NA,NA,NA,2023-07-28
Greenland,GRL,EUR,2022,NA,NA,NA,NA,NA,NA,NA,NA,NA,NA,2023-07-28
Grenada,GRD,AMR,2018,NA,NA,NA,NA,NA,NA,NA,NA,NA,NA,2023-07-28
Grenada,GRD,AMR,2019,NA,NA,NA,NA,NA,NA,NA,NA,NA,NA,2023-07-28
Grenada,GRD,AMR,2020,NA,NA,NA,NA,NA,NA,NA,NA,NA,NA,2023-07-28
Grenada,GRD,AMR,2021,NA,NA,NA,NA,NA,NA,NA,NA,NA,NA,2023-07-28
Grenada,GRD,AMR,2022,NA,NA,NA,NA,NA,NA,NA,NA,NA,NA,2023-07-28
Guam,GUM,WPR,2018,NA,NA,NA,NA,NA,NA,NA,NA,NA,NA,2023-07-28
Guam,GUM,WPR,2019,NA,NA,NA,NA,NA,NA,NA,NA,NA,NA,2023-07-28
Guam,GUM,WPR,2020,NA,NA,NA,NA,NA,NA,NA,NA,NA,NA,2023-07-28
Guam,GUM,WPR,2021,NA,NA,NA,NA,NA,NA,NA,NA,NA,NA,2023-07-28
Guam,GUM,WPR,2022,NA,NA,NA,NA,NA,NA,NA,NA,NA,NA,2023-07-28
Guatemala,GTM,AMR,2018,710407,0,1245001,228816,757126,1316584,1825886,NA,3142470,NA,2023-07-28
Guatemala,GTM,AMR,2019,594496,0,400341,1259838,917294,2901638,1391475,NA,4293113,NA,2023-07-28
Guatemala,GTM,AMR,2020,594497,0,489096,1247397,1011469,2868327,1329376,0,4197703,0,2023-07-28
Guatemala,GTM,AMR,2021,1866796,0,693560,1866796,693560,2849233,2758506,0,5607739,0,2023-07-28
Guatemala,GTM,AMR,2022,3026862,NA,935270,3026862,935270,4586700,2536022,NA,7122722,NA,2023-07-28
Guinea,GIN,AFR,2018,2025360,0,391406,1293514,372184,871412,1738138,395778,3005328,0,2023-07-28
Guinea,GIN,AFR,2019,2305360,0,394402,1503514,377184,991412,1985138,502700,3479250,0,2023-07-28
Guinea,GIN,AFR,2020,2305360,18000,78185,2305360,78185,981193,2738138,567389,4286720,0,2023-07-28
Guinea,GIN,AFR,2021,85680,39250,82300,85680,82300,481193,1791582,207029,2479804,0,2023-07-28
Guinea,GIN,AFR,2022,383824,40600,94800,383824,94800,219427,2481457,106000,2806884,0,2023-07-28
Guinea-Bissau,GNB,AFR,2018,209341,0,760119,34006,457369,321964,1813564,2500,2138028,0,2023-07-28
Guinea-Bissau,GNB,AFR,2019,198776,NA,607074,134517,584350,171200,2374463,11350,2557013,NA,2023-07-28
Guinea-Bissau,GNB,AFR,2020,271507,0,644406,65740,518490,100000,1534277,4000,1638277,0,2023-07-28
Guinea-Bissau,GNB,AFR,2021,NA,NA,NA,NA,NA,NA,NA,NA,NA,NA,2023-07-28
Guinea-Bissau,GNB,AFR,2022,672190,0,139001,671602,13720,100000,2446864,0,2546864,0,2023-07-28
Guyana,GUY,AMR,2018,60000,0,445653,20000,392653,761055,307736,0,1068791,0,2023-07-28
Guyana,GUY,AMR,2019,100000,0,600000,41495,482123,851532,314041,0,1165573,0,2023-07-28
Guyana,GUY,AMR,2020,40000,0,510000,27286,479204,983340,126095,0,1109435,0,2023-07-28
Guyana,GUY,AMR,2021,150343,0,532000,10036,532000,905216,247952,0,1153168,0,2023-07-28
Guyana,GUY,AMR,2022,119730,0,598100,53588,601948,1053389,155193,0,1208582,0,2023-07-28
Haiti,HTI,AMR,2018,661052,1915766,2758019,498001,2517519,1175897,6822933,557500,8556330,NA,2023-07-28
Haiti,HTI,AMR,2019,1760355,NA,2758319,1267735,1483726,1175897,8813164,143313,10132374,NA,2023-07-28
Haiti,HTI,AMR,2020,1156286,835428,2198391,822464,1506749,481112,10386928,789487,11657527,NA,2023-07-28
Haiti,HTI,AMR,2021,1185231,210434,2139819,857458,1888166,362729,6159270,221645,6743644,NA,2023-07-28
Haiti,HTI,AMR,2022,2835804,230144,2803220,2719641,860763,423411,6280320,576966,7280697,NA,2023-07-28
Honduras,HND,AMR,2018,1103078,0,1772919,2145326,2365654,2703575,2905302,112110,5720987,0,2023-07-28
Honduras,HND,AMR,2019,600343,1450293,2581230,600343,2581230,2428107,2378551,113791,4920449,0,2023-07-28
Honduras,HND,AMR,2020,287006,20000,2329183,287006,2329183,2550763,737189,20000,3307952,0,2023-07-28
Honduras,HND,AMR,2021,444347,497167,687054,444347,687054,2163270,1212990,0,3376260,0,2023-07-28
Honduras,HND,AMR,2022,406380,0,0,406380,0,NA,739422,NA,739422,NA,2023-07-28
Hungary,HUN,EUR,2018,NA,NA,NA,NA,NA,NA,NA,NA,NA,NA,2023-07-28
Hungary,HUN,EUR,2019,NA,NA,NA,NA,NA,NA,NA,NA,NA,NA,2023-07-28
Hungary,HUN,EUR,2020,NA,NA,NA,NA,NA,NA,NA,NA,NA,NA,2023-07-28
Hungary,HUN,EUR,2021,NA,NA,NA,NA,NA,NA,NA,NA,NA,NA,2023-07-28
Hungary,HUN,EUR,2022,NA,NA,NA,NA,NA,NA,NA,NA,NA,NA,2023-07-28
Iceland,ISL,EUR,2018,NA,NA,NA,NA,NA,NA,NA,NA,NA,NA,2023-07-28
Iceland,ISL,EUR,2019,NA,NA,NA,NA,NA,NA,NA,NA,NA,NA,2023-07-28
Iceland,ISL,EUR,2020,NA,NA,NA,NA,NA,NA,NA,NA,NA,NA,2023-07-28
Iceland,ISL,EUR,2021,NA,NA,NA,NA,NA,NA,NA,NA,NA,NA,2023-07-28
Iceland,ISL,EUR,2022,NA,NA,NA,NA,NA,NA,NA,NA,NA,NA,2023-07-28
India,IND,SEA,2018,95306868,38086980,95008728,95306868,95008728,458064516,71441852,30000000,579506368,20000000,2023-07-28
India,IND,SEA,2019,66046460,42551610,106431111,66046460,106431111,450000000,78000000,40000000,583000000,15000000,2023-07-28
India,IND,SEA,2020,53936500,34749600,86916400,53936500,86916400,420200000,53200000,4000000,496700000,19300000,2023-07-28
India,IND,SEA,2021,111755426,8329904,99297023,111755426,99297023,358185153,159648385,7441374,544258912,18984000,2023-07-28
India,IND,SEA,2022,187059953,8164904,104232303,187059953,104232303,474104881,63604944,24424411,582134236,20000000,2023-07-28
Indonesia,IDN,SEA,2018,60171533,0,48261024,32908895,52771535,101565995,38499843,267630,149445763,9112295,2023-07-28
Indonesia,IDN,SEA,2019,86363121,0,56680919,28184460,56680919,109214607,30005171,4970901,157337285,13146606,2023-07-28
Indonesia,IDN,SEA,2020,190400185,0,12201049,26981546,12201049,42077548,63827819,452860,110915494,4557267,2023-07-28
Indonesia,IDN,SEA,2021,204150835,0,16819238,57332585,16819238,102845275,63051851,0,175637305,9740179,2023-07-28
Indonesia,IDN,SEA,2022,174771464,NA,15970229,59308440,15970229,70615273,94447783,871368,177687088,11752664,2023-07-28
Iran (Islamic Republic of),IRN,EMR,2018,NA,NA,NA,NA,NA,NA,NA,NA,NA,NA,2023-07-28
Iran (Islamic Republic of),IRN,EMR,2019,NA,NA,NA,NA,NA,NA,NA,NA,NA,NA,2023-07-28
Iran (Islamic Republic of),IRN,EMR,2020,NA,NA,NA,NA,NA,NA,NA,NA,NA,NA,2023-07-28
Iran (Islamic Republic of),IRN,EMR,2021,NA,NA,NA,NA,NA,1835571,NA,NA,1835571,NA,2023-07-28
Iran (Islamic Republic of),IRN,EMR,2022,NA,NA,NA,NA,NA,7100000,NA,NA,7100000,NA,2023-07-28
Iraq,IRQ,EMR,2018,1000000,0,20000000,250000,20000000,19920969,1499031,0,21420000,0,2023-07-28
Iraq,IRQ,EMR,2019,1000000,0,19000000,500000,19000000,19710000,680000,0,20390000,0,2023-07-28
Iraq,IRQ,EMR,2020,1000000,0,19098000,350000,19098000,19710000,650000,0,20360000,0,2023-07-28
Iraq,IRQ,EMR,2021,1000000,0,19098000,350000,19098000,19710000,650000,0,20360000,0,2023-07-28
Iraq,IRQ,EMR,2022,1000000,0,19098000,350000,19098000,19710000,650000,0,20360000,0,2023-07-28
Ireland,IRL,EUR,2018,NA,NA,NA,NA,NA,NA,NA,NA,NA,NA,2023-07-28
Ireland,IRL,EUR,2019,NA,NA,NA,NA,NA,NA,NA,NA,NA,NA,2023-07-28
Ireland,IRL,EUR,2020,NA,NA,NA,NA,NA,NA,NA,NA,NA,NA,2023-07-28
Ireland,IRL,EUR,2021,NA,NA,NA,NA,NA,NA,NA,NA,NA,NA,2023-07-28
Ireland,IRL,EUR,2022,NA,NA,NA,NA,NA,NA,NA,NA,NA,NA,2023-07-28
Israel,ISR,EUR,2018,NA,NA,NA,NA,NA,NA,NA,NA,NA,NA,2023-07-28
Israel,ISR,EUR,2019,NA,NA,NA,NA,NA,NA,NA,NA,NA,NA,2023-07-28
Israel,ISR,EUR,2020,NA,NA,NA,NA,NA,NA,NA,NA,NA,NA,2023-07-28
Israel,ISR,EUR,2021,NA,NA,NA,NA,NA,NA,NA,NA,NA,NA,2023-07-28
Israel,ISR,EUR,2022,NA,NA,NA,NA,NA,NA,NA,NA,NA,NA,2023-07-28
Italy,ITA,EUR,2018,NA,NA,NA,NA,NA,NA,NA,NA,NA,NA,2023-07-28
Italy,ITA,EUR,2019,NA,NA,NA,NA,NA,NA,NA,NA,NA,NA,2023-07-28
Italy,ITA,EUR,2020,NA,NA,NA,NA,NA,NA,NA,NA,NA,NA,2023-07-28
Italy,ITA,EUR,2021,NA,NA,NA,NA,NA,NA,NA,NA,NA,NA,2023-07-28
Italy,ITA,EUR,2022,NA,NA,NA,NA,NA,NA,NA,NA,NA,NA,2023-07-28
Jamaica,JAM,AMR,2018,NA,NA,NA,NA,NA,NA,NA,NA,NA,NA,2023-07-28
Jamaica,JAM,AMR,2019,13653,NA,NA,13653,NA,54671,0,0,54671,0,2023-07-28
Jamaica,JAM,AMR,2020,NA,NA,NA,NA,NA,NA,0,NA,0,0,2023-07-28
Jamaica,JAM,AMR,2021,NA,NA,NA,NA,NA,NA,0,NA,0,0,2023-07-28
Jamaica,JAM,AMR,2022,NA,NA,NA,NA,NA,NA,0,NA,0,0,2023-07-28
Japan,JPN,WPR,2018,NA,NA,NA,NA,NA,NA,NA,NA,NA,NA,2023-07-28
Japan,JPN,WPR,2019,NA,NA,NA,NA,NA,NA,NA,NA,NA,NA,2023-07-28
Japan,JPN,WPR,2020,NA,NA,NA,NA,NA,NA,NA,NA,NA,NA,2023-07-28
Japan,JPN,WPR,2021,NA,NA,NA,NA,NA,NA,NA,NA,NA,NA,2023-07-28
Japan,JPN,WPR,2022,NA,NA,NA,NA,NA,NA,NA,NA,NA,NA,2023-07-28
Jordan,JOR,EMR,2018,600000,100000,200000,570000,150000,1000000,290000,10000,1300000,0,2023-07-28
Jordan,JOR,EMR,2019,150000,50000,1700000,70000,1250000,600000,872000,5000,1477000,0,2023-07-28
Jordan,JOR,EMR,2020,170000,50000,1850000,70000,1250000,50000,1472000,10000,1532000,0,2023-07-28
Jordan,JOR,EMR,2021,150000,12500,1700000,70000,1250000,600000,900000,0,1500000,0,2023-07-28
Jordan,JOR,EMR,2022,500000,4000000,1500000,130000,50000,1500000,2300000,200000,4000000,0,2023-07-28
Kazakhstan,KAZ,EUR,2018,5093660,NA,89398682,3804346,89398682,126856666,4871889,1850920,133845328,265853,2023-07-28
Kazakhstan,KAZ,EUR,2019,2619302,16265906,61508867,2619302,61508867,126500411,5854430,1267485,133922326,300000,2023-07-28
Kazakhstan,KAZ,EUR,2020,6357041,794842,44508295,6357041,44508295,114826597,4486319,954382,121267298,1000000,2023-07-28
Kazakhstan,KAZ,EUR,2021,5333282,2578862,64739653,5333282,64739653,116825630,2363120,250000,119438750,NA,2023-07-28
Kazakhstan,KAZ,EUR,2022,5273582,6780587,55067377,5273582,55067377,112830968,6827814,122700,122281482,2500000,2023-07-28
Kenya,KEN,AFR,2018,5000000,8000000,13000000,3324591,12554507,13794399,12894020,0,26780771,92352,2023-07-28
Kenya,KEN,AFR,2019,9621500,8000000,16366337,2798805,14243003,17672714,8045384,0,29875190,4157092,2023-07-28
Kenya,KEN,AFR,2020,7962790,909566,16366337,4564682,16366337,17853436,13687810,95670,36799916,5163000,2023-07-28
Kenya,KEN,AFR,2021,6895248,658302,13355551,5585629,11480957,18924367,17556149,NA,42161851,5681335,2023-07-28
Kenya,KEN,AFR,2022,10294339,268011,13355551,10294339,11927434,16091646,23706641,NA,46517435,6719148,2023-07-28
Kiribati,KIR,WPR,2018,70000,0,344000,70000,344000,0,200000,215800,415800,0,2023-07-28
Kiribati,KIR,WPR,2019,36450,NA,293515,36450,293515,NA,158913,337952,496865,NA,2023-07-28
Kiribati,KIR,WPR,2020,13885,NA,207024,13885,207024,NA,108115,240516,348631,NA,2023-07-28
Kiribati,KIR,WPR,2021,23324,NA,375922,23324,375922,129460,114038,245871,489369,NA,2023-07-28
Kiribati,KIR,WPR,2022,21532,NA,289876,21532,286588,77758,88404,253428,419590,NA,2023-07-28
Kuwait,KWT,EMR,2018,NA,NA,NA,NA,NA,NA,NA,NA,NA,NA,2023-07-28
Kuwait,KWT,EMR,2019,NA,NA,NA,NA,NA,NA,NA,NA,NA,NA,2023-07-28
Kuwait,KWT,EMR,2020,NA,NA,NA,NA,NA,NA,NA,NA,NA,NA,2023-07-28
Kuwait,KWT,EMR,2021,NA,NA,NA,NA,NA,NA,NA,NA,NA,NA,2023-07-28
Kuwait,KWT,EMR,2022,NA,NA,NA,NA,NA,NA,NA,NA,NA,NA,2023-07-28
Kyrgyzstan,KGZ,EUR,2018,627905,5616015,6866440,627905,6866440,12760575,2295186,3556868,24719880,6107251,2023-07-28
Kyrgyzstan,KGZ,EUR,2019,946338,4337141,212533,946338,212533,11500000,3317489,497189,19260088,3945410,2023-07-28
Kyrgyzstan,KGZ,EUR,2020,1274796,4100733,5187221,1264414,5179671,7814175,6084207,280147,16067523,1888994,2023-07-28
Kyrgyzstan,KGZ,EUR,2021,945292,9647356,82151,945292,82151,8004652,2348028,385159,13062463,2324624,2023-07-28
Kyrgyzstan,KGZ,EUR,2022,1237647,10122744,87081,1237647,87081,8459303,5349086,80000,16374990,2486601,2023-07-28
Lao People's Democratic Republic,LAO,WPR,2018,1094847,542207,554877,794847,554877,384499,2991080,0,3375579,0,2023-07-28
Lao People's Democratic Republic,LAO,WPR,2019,788521,495631,555948,788521,555948,724010,2955320,20000,3699330,0,2023-07-28
Lao People's Democratic Republic,LAO,WPR,2020,170981,173626,290789,170981,290789,674876,1567514,0,2242390,0,2023-07-28
Lao People's Democratic Republic,LAO,WPR,2021,1419215,232916,518400,1126687,63523,392125,2069814,0,2461939,0,2023-07-28
Lao People's Democratic Republic,LAO,WPR,2022,1007615,NA,523417,769278,NA,281478,2017956,37447,2336881,NA,2023-07-28
Latvia,LVA,EUR,2018,NA,NA,NA,NA,NA,2185827,NA,NA,2185827,NA,2023-07-28
Latvia,LVA,EUR,2019,NA,NA,NA,NA,NA,2216505,NA,NA,2216505,NA,2023-07-28
Latvia,LVA,EUR,2020,NA,NA,NA,NA,NA,2216505,NA,NA,2216505,NA,2023-07-28
Latvia,LVA,EUR,2021,NA,NA,NA,NA,NA,NA,NA,NA,NA,NA,2023-07-28
Latvia,LVA,EUR,2022,NA,NA,NA,NA,NA,NA,NA,NA,NA,NA,2023-07-28
Lebanon,LBN,EMR,2018,118800,100000,1807575,118800,1439775,464461,2378162,0,2842623,0,2023-07-28
Lebanon,LBN,EMR,2019,150000,100000,763800,100000,391920,468403,326182,0,794585,0,2023-07-28
Lebanon,LBN,EMR,2020,388133,100000,630000,204810,398160,1170480,238084,34400,1442964,0,2023-07-28
Lebanon,LBN,EMR,2021,157338,0,650400,157338,442284,532064,208710,252000,992774,0,2023-07-28
Lebanon,LBN,EMR,2022,200000,195910,674400,176774,205708,19600,592787,14400,626787,NA,2023-07-28
Lesotho,LSO,AFR,2018,6666,NA,400000,6666,270198,1011281,1814552,NA,2825833,NA,2023-07-28
Lesotho,LSO,AFR,2019,2467015,NA,592986,943575,500968,578455,2696494,2111630,5386579,NA,2023-07-28
Lesotho,LSO,AFR,2020,562986,397570,1620199,2119343,1738027,5524183,5531518,207645,11263346,0,2023-07-28
Lesotho,LSO,AFR,2021,1867484,0,2022790,3116768,1852487,4094870,5823609,0,10610878,692399,2023-07-28
Lesotho,LSO,AFR,2022,2099117,89902,1609036,5599803,2253208,12363562,4144758,0,16741142,232822,2023-07-28
Liberia,LBR,AFR,2018,1089641,NA,0,1089641,0,152040,1497464,4747343,6396847,0,2023-07-28
Liberia,LBR,AFR,2019,261281,0,394657,0,0,0,1648328,0,1648328,0,2023-07-28
Liberia,LBR,AFR,2020,561736,231887,538230,290252,233171,286718,1771197,0,2057915,0,2023-07-28
Liberia,LBR,AFR,2021,1450211,785724,1638417,885769,234561,286718,3117574,0,3404292,0,2023-07-28
Liberia,LBR,AFR,2022,109259,235180,316657,62434,234561,NA,2201556,5386,2505942,299000,2023-07-28
Libya,LBY,EMR,2018,NA,NA,NA,NA,NA,NA,NA,NA,NA,NA,2023-07-28
Libya,LBY,EMR,2019,NA,NA,NA,NA,NA,NA,NA,NA,NA,NA,2023-07-28
Libya,LBY,EMR,2020,1500000,0,50000,NA,NA,NA,NA,NA,NA,NA,2023-07-28
Libya,LBY,EMR,2021,950000,NA,150000,950000,150000,600000,NA,2000000,2600000,NA,2023-07-28
Libya,LBY,EMR,2022,1250000,0,200000,1250000,200000,647000,0,2500000,3147000,0,2023-07-28
Lithuania,LTU,EUR,2018,NA,NA,NA,NA,NA,NA,NA,NA,NA,NA,2023-07-28
Lithuania,LTU,EUR,2019,NA,NA,NA,NA,NA,NA,NA,NA,NA,NA,2023-07-28
Lithuania,LTU,EUR,2020,NA,NA,NA,NA,NA,NA,NA,NA,NA,NA,2023-07-28
Lithuania,LTU,EUR,2021,NA,NA,NA,NA,NA,NA,NA,NA,NA,NA,2023-07-28
Lithuania,LTU,EUR,2022,NA,NA,NA,NA,NA,NA,NA,NA,NA,NA,2023-07-28
Luxembourg,LUX,EUR,2018,NA,NA,NA,NA,NA,NA,NA,NA,NA,NA,2023-07-28
Luxembourg,LUX,EUR,2019,NA,NA,NA,NA,NA,NA,NA,NA,NA,NA,2023-07-28
Luxembourg,LUX,EUR,2020,NA,NA,NA,NA,NA,NA,NA,NA,NA,NA,2023-07-28
Luxembourg,LUX,EUR,2021,NA,NA,NA,NA,NA,NA,NA,NA,NA,NA,2023-07-28
Luxembourg,LUX,EUR,2022,NA,NA,NA,NA,NA,NA,NA,NA,NA,NA,2023-07-28
Madagascar,MDG,AFR,2018,782676,685837,355032,351029,333617,NA,3281982,NA,3281982,NA,2023-07-28
Madagascar,MDG,AFR,2019,259018,633274,375992,259018,375992,0,2890763,0,2890763,0,2023-07-28
Madagascar,MDG,AFR,2020,582974,0,375992,582974,375992,0,3250185,0,3250185,0,2023-07-28
Madagascar,MDG,AFR,2021,1719718,887162,579269,1719718,579269,0,6373997,0,6373997,0,2023-07-28
Madagascar,MDG,AFR,2022,NA,NA,NA,NA,NA,NA,NA,NA,NA,NA,2023-07-28
Malawi,MWI,AFR,2018,2662135,8221000,533000,3555379,522814,2196601,4012658,2440286,13075789,4426244,2023-07-28
Malawi,MWI,AFR,2019,2876297,2494323,439468,2876297,439468,1442238,4481477,1489461,10837809,3424633,2023-07-28
Malawi,MWI,AFR,2020,2586635,4415771,1018709,2586635,1018709,1751644,8387057,1655534,15559874,3765639,2023-07-28
Malawi,MWI,AFR,2021,9873203,5419694,1000000,6729992,749637,462973,5703015,10186557,19852545,3500000,2023-07-28
Malawi,MWI,AFR,2022,6115764,5884301,1414557,3875421,1414557,462973,5902615,8820865,19186453,4000000,2023-07-28
Malaysia,MYS,WPR,2018,1000000,NA,10300000,1000000,10300000,15980000,NA,NA,15980000,NA,2023-07-28
Malaysia,MYS,WPR,2019,1000000,NA,10300000,1000000,10300000,15980000,NA,NA,15980000,NA,2023-07-28
Malaysia,MYS,WPR,2020,1000000,NA,10300000,1000000,10300000,15984000,NA,NA,15984000,NA,2023-07-28
Malaysia,MYS,WPR,2021,1400000,NA,10300000,1400000,10300000,16580000,NA,NA,16580000,NA,2023-07-28
Malaysia,MYS,WPR,2022,1400000,NA,10300000,1400000,10300000,16846000,NA,NA,16846000,NA,2023-07-28
Maldives,MDV,SEA,2018,NA,NA,NA,NA,NA,NA,NA,NA,NA,NA,2023-07-28
Maldives,MDV,SEA,2019,NA,NA,NA,NA,NA,NA,NA,NA,NA,NA,2023-07-28
Maldives,MDV,SEA,2020,NA,NA,NA,NA,NA,NA,NA,NA,NA,NA,2023-07-28
Maldives,MDV,SEA,2021,NA,NA,NA,NA,NA,NA,NA,NA,NA,NA,2023-07-28
Maldives,MDV,SEA,2022,NA,NA,NA,NA,NA,NA,NA,NA,NA,NA,2023-07-28
Mali,MLI,AFR,2018,1796883,322036,690381,873672,690381,1310908,4116255,NA,5427163,NA,2023-07-28
Mali,MLI,AFR,2019,526880,164867,356117,52119,356117,569279,1083601,NA,1652880,NA,2023-07-28
Mali,MLI,AFR,2020,590589,303325,979664,70195,865613,407866,998354,NA,1709545,303325,2023-07-28
Mali,MLI,AFR,2021,1400000,167322,1146986,1123045,1146986,2382120,3433986,288474,6104580,0,2023-07-28
Mali,MLI,AFR,2022,144250,5167954,1969096,125120,1969096,1047759,7199003,NA,8246762,NA,2023-07-28
Malta,MLT,EUR,2018,NA,NA,NA,NA,NA,NA,NA,NA,NA,NA,2023-07-28
Malta,MLT,EUR,2019,NA,NA,NA,NA,NA,NA,NA,NA,NA,NA,2023-07-28
Malta,MLT,EUR,2020,NA,NA,NA,NA,NA,NA,NA,NA,NA,NA,2023-07-28
Malta,MLT,EUR,2021,NA,NA,NA,NA,NA,NA,NA,NA,NA,NA,2023-07-28
Malta,MLT,EUR,2022,NA,NA,NA,NA,NA,NA,NA,NA,NA,NA,2023-07-28
Marshall Islands,MHL,WPR,2018,70000,NA,151000,25000,151000,NA,176000,NA,176000,NA,2023-07-28
Marshall Islands,MHL,WPR,2019,12000,0,180000,12000,180000,230000,12000,400000,642000,0,2023-07-28
Marshall Islands,MHL,WPR,2020,400000,0,500000,400000,500000,580000,172000,323200,1575200,500000,2023-07-28
Marshall Islands,MHL,WPR,2021,10000,0,280000,10000,280000,599413,280000,282587,1162000,NA,2023-07-28
Marshall Islands,MHL,WPR,2022,444000,NA,443473,844000,NA,444000,400000,NA,844000,NA,2023-07-28
Mauritania,MRT,AFR,2018,NA,NA,NA,444537,65137,NA,1164961,NA,1164961,0,2023-07-28
Mauritania,MRT,AFR,2019,225986,0,554200,158954,472456,717688,481587,0,1199275,0,2023-07-28
Mauritania,MRT,AFR,2020,NA,NA,NA,444537,65137,NA,1164961,NA,1164961,NA,2023-07-28
Mauritania,MRT,AFR,2021,589948,NA,65137,589948,65137,323932,1900000,NA,2223932,NA,2023-07-28
Mauritania,MRT,AFR,2022,NA,NA,NA,NA,NA,NA,NA,NA,NA,NA,2023-07-28
Mauritius,MUS,AFR,2018,NA,NA,NA,NA,NA,NA,NA,NA,NA,NA,2023-07-28
Mauritius,MUS,AFR,2019,NA,NA,NA,NA,NA,NA,NA,NA,NA,NA,2023-07-28
Mauritius,MUS,AFR,2020,NA,NA,NA,NA,NA,NA,NA,NA,NA,NA,2023-07-28
Mauritius,MUS,AFR,2021,NA,NA,NA,NA,NA,NA,NA,NA,NA,NA,2023-07-28
Mauritius,MUS,AFR,2022,NA,NA,NA,NA,NA,NA,NA,NA,NA,NA,2023-07-28
Mexico,MEX,AMR,2018,3427751,44452,4729803,3427751,4729803,12013738,0,0,12013738,0,2023-07-28
Mexico,MEX,AMR,2019,3123065,24142,4898652,3123065,4898652,11105557,0,0,11105557,0,2023-07-28
Mexico,MEX,AMR,2020,2457000,0,7664455,2457000,7664455,13059495,0,0,13059495,0,2023-07-28
Mexico,MEX,AMR,2021,5030181,371903,5377062,5030181,5377062,13934709,0,0,13934709,0,2023-07-28
Mexico,MEX,AMR,2022,2166710,1309633,3012873,2166710,3012873,7950060,0,0,7950060,0,2023-07-28
Micronesia (Federated States of),FSM,WPR,2018,33528,0,364200,33528,364200,0,83372,25000,615550,507178,2023-07-28
Micronesia (Federated States of),FSM,WPR,2019,NA,NA,NA,NA,NA,NA,NA,NA,NA,NA,2023-07-28
Micronesia (Federated States of),FSM,WPR,2020,10000,0,275000,10000,275000,25000,79930,0,617851,512921,2023-07-28
Micronesia (Federated States of),FSM,WPR,2021,0,0,306430,0,306430,25000,50000,0,587921,512921,2023-07-28
Micronesia (Federated States of),FSM,WPR,2022,0,0,272811,0,272811,25000,50000,0,587921,512921,2023-07-28
Monaco,MCO,EUR,2018,NA,NA,NA,NA,NA,NA,NA,NA,NA,NA,2023-07-28
Monaco,MCO,EUR,2019,NA,NA,NA,NA,NA,NA,NA,NA,NA,NA,2023-07-28
Monaco,MCO,EUR,2020,NA,NA,NA,NA,NA,NA,NA,NA,NA,NA,2023-07-28
Monaco,MCO,EUR,2021,NA,NA,NA,NA,NA,NA,NA,NA,NA,NA,2023-07-28
Monaco,MCO,EUR,2022,NA,NA,NA,NA,NA,NA,NA,NA,NA,NA,2023-07-28
Mongolia,MNG,WPR,2018,441194,1196755,2867000,441194,2867000,3649499,2424462,0,6073961,0,2023-07-28
Mongolia,MNG,WPR,2019,576448,72851,3325720,576448,3325720,4283643,1302004,0,5585647,0,2023-07-28
Mongolia,MNG,WPR,2020,387930,NA,3564121,387930,3564121,4279247,1086273,190000,5555520,NA,2023-07-28
Mongolia,MNG,WPR,2021,1322429,40000,3886343,1322429,3886343,4506001,2557756,40000,7103757,NA,2023-07-28
Mongolia,MNG,WPR,2022,1365411,0,4315241,1365411,4315241,6305730,3187946,7852,9501528,NA,2023-07-28
Montenegro,MNE,EUR,2018,NA,NA,NA,NA,NA,NA,NA,NA,NA,NA,2023-07-28
Montenegro,MNE,EUR,2019,NA,NA,NA,NA,NA,NA,NA,NA,NA,NA,2023-07-28
Montenegro,MNE,EUR,2020,NA,NA,NA,NA,NA,NA,NA,NA,NA,NA,2023-07-28
Montenegro,MNE,EUR,2021,NA,NA,NA,NA,NA,NA,NA,NA,NA,NA,2023-07-28
Montenegro,MNE,EUR,2022,NA,NA,NA,NA,NA,NA,NA,NA,NA,NA,2023-07-28
Montserrat,MSR,AMR,2018,NA,NA,NA,NA,NA,NA,NA,NA,NA,NA,2023-07-28
Montserrat,MSR,AMR,2019,NA,NA,NA,NA,NA,NA,NA,NA,NA,NA,2023-07-28
Montserrat,MSR,AMR,2020,NA,NA,NA,NA,NA,NA,NA,NA,NA,NA,2023-07-28
Montserrat,MSR,AMR,2021,NA,NA,NA,NA,NA,NA,NA,NA,NA,NA,2023-07-28
Montserrat,MSR,AMR,2022,NA,NA,NA,NA,NA,NA,NA,NA,NA,NA,2023-07-28
Morocco,MAR,EMR,2018,1500600,11473200,8604000,510600,8604000,15520000,775500,0,16295500,0,2023-07-28
Morocco,MAR,EMR,2019,13046592,0,18392672,3860904,11111792,18470578,1776110,494000,20740688,0,2023-07-28
Morocco,MAR,EMR,2020,7973783,0,18429230,5687137,11125393,24602189,727253,601717,25931159,0,2023-07-28
Morocco,MAR,EMR,2021,4230771,0,12251675,2008901,12251675,22035327,1496573,561000,24092900,0,2023-07-28
Morocco,MAR,EMR,2022,10667142,NA,12191313,6296842,12191313,24193030,2078953,0,26271983,0,2023-07-28
Mozambique,MOZ,AFR,2018,4468044,453389,1828000,4468044,1828000,1500000,20682455,8252097,30434552,NA,2023-07-28
Mozambique,MOZ,AFR,2019,6378695,83460,1000000,6378695,1000000,2084790,16922481,5740463,24747734,NA,2023-07-28
Mozambique,MOZ,AFR,2020,4742922,246535,1149584,4742922,1149584,3176000,13644703,6354344,26225047,3050000,2023-07-28
Mozambique,MOZ,AFR,2021,7797970,0,1614344,7797970,1614344,3562346,16606515,5280199,29849060,4400000,2023-07-28
Mozambique,MOZ,AFR,2022,2595814,NA,4793488,2595814,4793488,3690125,16082739,2621246,30830105,8435995,2023-07-28
Myanmar,MMR,SEA,2018,5412579,14536313,17739258,3370038,1374528,2125422,25722031,3006908,31854361,1000000,2023-07-28
Myanmar,MMR,SEA,2019,5591314,9473777,18657558,3092318,5298440,1848555,32150253,5083982,39082790,0,2023-07-28
Myanmar,MMR,SEA,2020,6667467,7211321,19377058,5345890,3080190,3112950,34553968,4794541,47661459,5200000,2023-07-28
Myanmar,MMR,SEA,2021,15991898,4297303,11933064,6354453,4323790,4852183,34871126,4798321,52044630,7523000,2023-07-28
Myanmar,MMR,SEA,2022,17700474,5065031,12141743,6167876,3443054,4937603,35029975,2272707,50740285,8500000,2023-07-28
Namibia,NAM,AFR,2018,NA,NA,8286571,NA,5800600,27940544,1400000,NA,29364929,24385,2023-07-28
Namibia,NAM,AFR,2019,3379307,2739948,19776227,1251950,18801091,30740513,4480389,NA,35229138,8236,2023-07-28
Namibia,NAM,AFR,2020,3272549,5930140,8965947,2589580,1891012,8101424,3500000,1600000,13201424,0,2023-07-28
Namibia,NAM,AFR,2021,2732826,4345017,9164479,2732826,2417156,7779176,780073,1300000,10409079,549830,2023-07-28
Namibia,NAM,AFR,2022,2533005,349182,10419715,161597,1889479,2152757,2502568,1070000,5725325,NA,2023-07-28
Nauru,NRU,WPR,2018,NA,NA,NA,NA,NA,NA,NA,NA,NA,NA,2023-07-28
Nauru,NRU,WPR,2019,NA,NA,NA,NA,NA,NA,NA,NA,NA,NA,2023-07-28
Nauru,NRU,WPR,2020,NA,NA,NA,NA,NA,NA,NA,NA,NA,NA,2023-07-28
Nauru,NRU,WPR,2021,NA,NA,NA,NA,NA,NA,NA,NA,NA,NA,2023-07-28
Nauru,NRU,WPR,2022,NA,NA,NA,NA,NA,NA,NA,NA,NA,NA,2023-07-28
Nepal,NPL,SEA,2018,1679091,18711,1218265,1679091,1218265,9782800,7996908,NA,17779708,NA,2023-07-28
Nepal,NPL,SEA,2019,5060264,482626,1050267,3709021,895210,7808086,7592729,0,15400815,0,2023-07-28
Nepal,NPL,SEA,2020,5441798,171697,2506812,4440284,2506812,7585843,9193917,0,16779760,0,2023-07-28
Nepal,NPL,SEA,2021,5965862,171916,1058267,5565093,969990,7020168,8995535,50000,16065703,0,2023-07-28
Nepal,NPL,SEA,2022,7169116,97311,7819052,3288428,2943386,7335479,10495503,39770,17870752,NA,2023-07-28
Netherlands (Kingdom of the),NLD,EUR,2018,NA,NA,NA,NA,NA,NA,NA,NA,NA,NA,2023-07-28
Netherlands (Kingdom of the),NLD,EUR,2019,NA,NA,NA,NA,NA,NA,NA,NA,NA,NA,2023-07-28
Netherlands (Kingdom of the),NLD,EUR,2020,NA,NA,NA,NA,NA,NA,NA,NA,NA,NA,2023-07-28
Netherlands (Kingdom of the),NLD,EUR,2021,NA,NA,NA,NA,NA,NA,NA,NA,NA,NA,2023-07-28
Netherlands (Kingdom of the),NLD,EUR,2022,NA,NA,NA,NA,NA,NA,NA,NA,NA,NA,2023-07-28
New Caledonia,NCL,WPR,2018,NA,NA,NA,NA,NA,NA,NA,NA,NA,NA,2023-07-28
New Caledonia,NCL,WPR,2019,NA,NA,NA,NA,NA,NA,NA,NA,NA,NA,2023-07-28
New Caledonia,NCL,WPR,2020,NA,NA,NA,NA,NA,NA,NA,NA,NA,NA,2023-07-28
New Caledonia,NCL,WPR,2021,NA,NA,NA,NA,NA,NA,NA,NA,NA,NA,2023-07-28
New Caledonia,NCL,WPR,2022,NA,NA,NA,NA,NA,NA,NA,NA,NA,NA,2023-07-28
New Zealand,NZL,WPR,2018,NA,NA,NA,NA,NA,NA,NA,NA,NA,NA,2023-07-28
New Zealand,NZL,WPR,2019,NA,NA,NA,NA,NA,NA,NA,NA,NA,NA,2023-07-28
New Zealand,NZL,WPR,2020,NA,NA,NA,NA,NA,NA,NA,NA,NA,NA,2023-07-28
New Zealand,NZL,WPR,2021,NA,NA,NA,NA,NA,NA,NA,NA,NA,NA,2023-07-28
New Zealand,NZL,WPR,2022,NA,NA,NA,NA,NA,NA,NA,NA,NA,NA,2023-07-28
Nicaragua,NIC,AMR,2018,1017557,0,2617706,997709,2346710,4612886,3457902,0,8070788,0,2023-07-28
Nicaragua,NIC,AMR,2019,1109903,0,2700000,763199,877679,6067167,1292382,272441,7631990,0,2023-07-28
Nicaragua,NIC,AMR,2020,1354654,0,2735663,1348100,1621700,6931394,1077021,238021,8246436,0,2023-07-28
Nicaragua,NIC,AMR,2021,NA,NA,NA,NA,NA,NA,NA,NA,NA,NA,2023-07-28
Nicaragua,NIC,AMR,2022,NA,NA,NA,NA,NA,NA,NA,NA,NA,NA,2023-07-28
Niger,NER,AFR,2018,227488,NA,134761,NA,239103,950000,905198,59533,1914731,NA,2023-07-28
Niger,NER,AFR,2019,291489,NA,2271783,291489,2271783,NA,5432788,194981,5627769,NA,2023-07-28
Niger,NER,AFR,2020,1831448,NA,702901,1764772,568065,NA,8759111,167341,8926452,NA,2023-07-28
Niger,NER,AFR,2021,521866,NA,2096634,494348,2096633,NA,4387002,198594,4585596,NA,2023-07-28
Niger,NER,AFR,2022,4221880,0,1861808,197526,1567108,NA,5566250,182554,5748804,NA,2023-07-28
Nigeria,NGA,AFR,2018,78675538,4341679,61450894,11618421,41612713,31640126,42966379,0,96606505,22000000,2023-07-28
Nigeria,NGA,AFR,2019,54645906,2986392,37722901,20782394,28052033,22335038,64097623,0,110432661,24000000,2023-07-28
Nigeria,NGA,AFR,2020,76302188,7682668,38477359,26437407,25093594,27002499,65115893,0,116118392,24000000,2023-07-28
Nigeria,NGA,AFR,2021,73093837,8532668,39631679,27288025,25269249,27002499,66111619,0,117114118,24000000,2023-07-28
Nigeria,NGA,AFR,2022,79314123,16840194,37187591,28500000,22669618,24252944,65062232,0,114315176,25000000,2023-07-28
Niue,NIU,WPR,2018,NA,NA,NA,NA,NA,NA,NA,NA,NA,NA,2023-07-28
Niue,NIU,WPR,2019,NA,NA,NA,NA,NA,NA,NA,NA,NA,NA,2023-07-28
Niue,NIU,WPR,2020,NA,NA,NA,NA,NA,NA,NA,NA,NA,NA,2023-07-28
Niue,NIU,WPR,2021,NA,NA,NA,NA,NA,NA,NA,NA,NA,NA,2023-07-28
Niue,NIU,WPR,2022,NA,NA,NA,NA,NA,NA,NA,NA,NA,NA,2023-07-28
North Macedonia,MKD,EUR,2018,NA,NA,NA,NA,NA,NA,NA,NA,NA,NA,2023-07-28
North Macedonia,MKD,EUR,2019,NA,NA,NA,NA,NA,NA,NA,NA,NA,NA,2023-07-28
North Macedonia,MKD,EUR,2020,NA,NA,NA,NA,NA,NA,NA,NA,NA,NA,2023-07-28
North Macedonia,MKD,EUR,2021,NA,NA,NA,NA,NA,NA,NA,NA,NA,NA,2023-07-28
North Macedonia,MKD,EUR,2022,NA,NA,NA,NA,NA,NA,NA,NA,NA,NA,2023-07-28
Northern Mariana Islands,MNP,WPR,2018,NA,NA,NA,NA,NA,NA,NA,NA,NA,NA,2023-07-28
Northern Mariana Islands,MNP,WPR,2019,NA,NA,NA,NA,NA,NA,NA,NA,NA,NA,2023-07-28
Northern Mariana Islands,MNP,WPR,2020,NA,NA,NA,NA,NA,NA,NA,NA,NA,NA,2023-07-28
Northern Mariana Islands,MNP,WPR,2021,NA,NA,NA,NA,NA,NA,NA,NA,NA,NA,2023-07-28
Northern Mariana Islands,MNP,WPR,2022,NA,NA,NA,NA,NA,NA,NA,NA,NA,NA,2023-07-28
Norway,NOR,EUR,2018,NA,NA,NA,NA,NA,NA,NA,NA,NA,NA,2023-07-28
Norway,NOR,EUR,2019,NA,NA,NA,NA,NA,NA,NA,NA,NA,NA,2023-07-28
Norway,NOR,EUR,2020,NA,NA,NA,NA,NA,NA,NA,NA,NA,NA,2023-07-28
Norway,NOR,EUR,2021,NA,NA,NA,NA,NA,NA,NA,NA,NA,NA,2023-07-28
Norway,NOR,EUR,2022,NA,NA,NA,NA,NA,NA,NA,NA,NA,NA,2023-07-28
"occupied Palestinian territory, including east Jerusalem",PSE,EMR,2018,NA,NA,NA,NA,NA,NA,NA,NA,NA,NA,2023-07-28
"occupied Palestinian territory, including east Jerusalem",PSE,EMR,2019,NA,NA,NA,NA,NA,NA,NA,NA,NA,NA,2023-07-28
"occupied Palestinian territory, including east Jerusalem",PSE,EMR,2020,100000,100000,30000,NA,NA,30000,NA,NA,30000,NA,2023-07-28
"occupied Palestinian territory, including east Jerusalem",PSE,EMR,2021,NA,NA,NA,NA,NA,NA,NA,NA,NA,NA,2023-07-28
"occupied Palestinian territory, including east Jerusalem",PSE,EMR,2022,250,NA,NA,NA,NA,NA,NA,NA,NA,NA,2023-07-28
Oman,OMN,EMR,2018,NA,NA,NA,NA,NA,NA,NA,NA,NA,NA,2023-07-28
Oman,OMN,EMR,2019,NA,NA,NA,NA,NA,NA,NA,NA,NA,NA,2023-07-28
Oman,OMN,EMR,2020,NA,NA,NA,NA,NA,NA,NA,NA,NA,NA,2023-07-28
Oman,OMN,EMR,2021,NA,NA,NA,NA,NA,NA,NA,NA,NA,NA,2023-07-28
Oman,OMN,EMR,2022,NA,NA,NA,NA,NA,NA,NA,NA,NA,NA,2023-07-28
Pakistan,PAK,EMR,2018,28595078,7596855,10857194,4237599,10857194,3636632,64022702,0,67659334,0,2023-07-28
Pakistan,PAK,EMR,2019,31767184,10281941,15279899,4486118,13589356,3626232,41894665,118011,45638908,0,2023-07-28
Pakistan,PAK,EMR,2020,35986384,12578776,16661366,11175224,16661366,3418859,49824819,444791,53688469,0,2023-07-28
Pakistan,PAK,EMR,2021,55208288,776229,19474120,14350143,12082985,3733164,60326750,0,64079740,19826,2023-07-28
Pakistan,PAK,EMR,2022,45465985,8938272,29695166,10228053,7779329,4106480,55740707,0,59847187,0,2023-07-28
Palau,PLW,WPR,2018,NA,NA,NA,NA,NA,NA,NA,NA,NA,NA,2023-07-28
Palau,PLW,WPR,2019,NA,NA,NA,NA,NA,NA,NA,NA,NA,NA,2023-07-28
Palau,PLW,WPR,2020,NA,NA,NA,NA,NA,NA,NA,NA,NA,NA,2023-07-28
Palau,PLW,WPR,2021,NA,NA,NA,NA,NA,NA,NA,NA,NA,NA,2023-07-28
Palau,PLW,WPR,2022,NA,NA,NA,NA,NA,NA,NA,NA,NA,NA,2023-07-28
Panama,PAN,AMR,2018,600984,0,575431,88673,259104,113035,822726,NA,935761,NA,2023-07-28
Panama,PAN,AMR,2019,NA,NA,NA,NA,NA,NA,NA,NA,NA,NA,2023-07-28
Panama,PAN,AMR,2020,NA,NA,NA,NA,NA,NA,NA,NA,NA,NA,2023-07-28
Panama,PAN,AMR,2021,NA,NA,NA,NA,NA,NA,NA,NA,NA,NA,2023-07-28
Panama,PAN,AMR,2022,NA,NA,693500,NA,NA,NA,NA,NA,NA,NA,2023-07-28
Papua New Guinea,PNG,WPR,2018,2250651,3557406,1827842,2250651,753710,14245222,3788325,2111079,20239626,95000,2023-07-28
Papua New Guinea,PNG,WPR,2019,2243492,4590000,1409979,2243492,1034357,18653636,4270152,4590000,27513788,0,2023-07-28
Papua New Guinea,PNG,WPR,2020,1872705,4956358,1789691,1872705,1283360,16786265,4186549,11511358,32484172,NA,2023-07-28
Papua New Guinea,PNG,WPR,2021,2002574,274813,1244338,928420,1158028,4538532,3141081,125125,7804738,0,2023-07-28
Papua New Guinea,PNG,WPR,2022,901668,344671,1551338,577844,1465028,4001785,3105683,401745,7509213,0,2023-07-28
Paraguay,PRY,AMR,2018,1947076,0,3535540,115161,2342794,3285256,1374373,62030,4721659,0,2023-07-28
Paraguay,PRY,AMR,2019,1060490,0,3535894,537900,2339431,3920776,1181268,47872,5149916,0,2023-07-28
Paraguay,PRY,AMR,2020,680851,0,3535894,464116,2218448,3648620,920550,97070,4666240,0,2023-07-28
Paraguay,PRY,AMR,2021,680851,419921,1961181,514415,1882389,2992548,956843,87803,4037194,0,2023-07-28
Paraguay,PRY,AMR,2022,4645323,242507,2000000,814436,1523801,2851761,986518,0,3838279,0,2023-07-28
Peru,PER,AMR,2018,23000000,0,4724242,22183045,4681320,124450108,8535334,0,132985442,0,2023-07-28
Peru,PER,AMR,2019,23000000,0,4724242,18482131,4543069,127051330,5100000,0,132151330,0,2023-07-28
Peru,PER,AMR,2020,23115000,0,4771484,15844073,4771484,125024160,3320713,0,128344873,0,2023-07-28
Peru,PER,AMR,2021,10205131,594124,6262660,9112195,6262660,111703714,3304074,NA,115007788,NA,2023-07-28
Peru,PER,AMR,2022,7679366,0,6689423,6559151,6689423,112391244,3846814,0,116238058,0,2023-07-28
Philippines,PHL,WPR,2018,41802865,9564271,3714047,22853381,1359856,59080154,29695082,2375665,93305859,2154958,2023-07-28
Philippines,PHL,WPR,2019,50563750,9896758,10018199,25871227,8563416,24357641,51436361,NA,75794002,NA,2023-07-28
Philippines,PHL,WPR,2020,159068867,7162891,7066143,32022728,5712839,40095950,18054527,NA,64617598,6467121,2023-07-28
Philippines,PHL,WPR,2021,209929951,6285746,16480331,68403636,16480331,82279113,43847961,NA,150090913,23963839,2023-07-28
Philippines,PHL,WPR,2022,231304534,6057778,19823517,38882898,19823517,70861545,44105478,NA,131967023,17000000,2023-07-28
Poland,POL,EUR,2018,NA,NA,NA,NA,NA,NA,NA,NA,NA,NA,2023-07-28
Poland,POL,EUR,2019,NA,NA,NA,NA,NA,NA,NA,NA,NA,NA,2023-07-28
Poland,POL,EUR,2020,NA,NA,NA,NA,NA,NA,NA,NA,NA,NA,2023-07-28
Poland,POL,EUR,2021,NA,NA,NA,NA,NA,NA,NA,NA,NA,NA,2023-07-28
Poland,POL,EUR,2022,NA,NA,NA,NA,NA,NA,NA,NA,NA,NA,2023-07-28
Portugal,PRT,EUR,2018,NA,NA,NA,NA,NA,NA,NA,NA,NA,NA,2023-07-28
Portugal,PRT,EUR,2019,NA,NA,NA,NA,NA,NA,NA,NA,NA,NA,2023-07-28
Portugal,PRT,EUR,2020,NA,NA,NA,NA,NA,NA,NA,NA,NA,NA,2023-07-28
Portugal,PRT,EUR,2021,NA,NA,NA,NA,NA,NA,NA,NA,NA,NA,2023-07-28
Portugal,PRT,EUR,2022,NA,NA,NA,NA,NA,NA,NA,NA,NA,NA,2023-07-28
Puerto Rico,PRI,AMR,2018,NA,NA,NA,NA,NA,NA,NA,NA,NA,NA,2023-07-28
Puerto Rico,PRI,AMR,2019,NA,NA,NA,NA,NA,NA,NA,NA,NA,NA,2023-07-28
Puerto Rico,PRI,AMR,2020,NA,NA,NA,NA,NA,NA,NA,NA,NA,NA,2023-07-28
Puerto Rico,PRI,AMR,2021,NA,NA,NA,NA,NA,NA,NA,NA,NA,NA,2023-07-28
Puerto Rico,PRI,AMR,2022,NA,NA,NA,NA,NA,NA,NA,NA,NA,NA,2023-07-28
Qatar,QAT,EMR,2018,NA,NA,NA,NA,NA,NA,NA,NA,NA,NA,2023-07-28
Qatar,QAT,EMR,2019,NA,NA,NA,NA,NA,NA,NA,NA,NA,NA,2023-07-28
Qatar,QAT,EMR,2020,NA,NA,NA,NA,NA,NA,NA,NA,NA,NA,2023-07-28
Qatar,QAT,EMR,2021,NA,NA,NA,NA,NA,NA,NA,NA,NA,NA,2023-07-28
Qatar,QAT,EMR,2022,NA,NA,NA,NA,NA,NA,NA,NA,NA,NA,2023-07-28
Republic of Korea,KOR,WPR,2018,11224000,527000,6637000,11224000,6637000,45171000,0,0,45171000,0,2023-07-28
Republic of Korea,KOR,WPR,2019,12574000,524000,7913000,12574000,7913000,54864000,NA,NA,54864000,NA,2023-07-28
Republic of Korea,KOR,WPR,2020,1910204,1828571,15910204,1910204,15910204,37841633,NA,NA,37841633,NA,2023-07-28
Republic of Korea,KOR,WPR,2021,NA,NA,NA,NA,NA,NA,NA,NA,NA,NA,2023-07-28
Republic of Korea,KOR,WPR,2022,NA,NA,NA,NA,NA,NA,NA,NA,NA,NA,2023-07-28
Republic of Moldova,MDA,EUR,2018,1373292,11658,20986732,1351962,20974627,28102729,3808216,0,31910945,0,2023-07-28
Republic of Moldova,MDA,EUR,2019,1547353,27070,24365773,1522589,24351719,33148960,3709352,0,36858312,0,2023-07-28
Republic of Moldova,MDA,EUR,2020,1670127,NA,4885991,1670127,4885991,10226444,2661432,405275,13293151,0,2023-07-28
Republic of Moldova,MDA,EUR,2021,1785144,0,7114000,1785144,7114000,12580742,3087429,473044,16141215,0,2023-07-28
Republic of Moldova,MDA,EUR,2022,4681982,198486,98343,4681982,98343,12628865,3271345,0,15900210,0,2023-07-28
Romania,ROU,EUR,2018,5000000,2700000,700000,3000000,500000,10250000,3289670,0,13539670,0,2023-07-28
Romania,ROU,EUR,2019,5500000,997099,700000,4590454,500000,10039546,2420250,687454,13147250,0,2023-07-28
Romania,ROU,EUR,2020,5157031,2519955,700000,2774479,700000,7677368,1799689,1258510,10735567,0,2023-07-28
Romania,ROU,EUR,2021,NA,NA,NA,NA,NA,NA,NA,NA,NA,NA,2023-07-28
Romania,ROU,EUR,2022,NA,NA,NA,NA,NA,NA,NA,NA,NA,NA,2023-07-28
Russian Federation,RUS,EUR,2018,26329894,361729048,836264980,26329894,836264980,1434579278,0,0,1434579278,0,2023-07-28
Russian Federation,RUS,EUR,2019,29023816,305381792,919298312,29023816,919298312,1450726465,0,0,1450726465,0,2023-07-28
Russian Federation,RUS,EUR,2020,30417457,304089894,977892370,30417457,977892370,1571010684,0,0,1571010684,0,2023-07-28
Russian Federation,RUS,EUR,2021,28560381,277256196,874342445,28560381,874342445,1383506932,0,0,1383506932,0,2023-07-28
Russian Federation,RUS,EUR,2022,26360717,322432649,863274699,26360717,863274699,1453801645,0,0,1453801645,0,2023-07-28
Rwanda,RWA,AFR,2018,1891025,11711,1382944,1891025,1382944,219484,5942847,11711,6423616,249574,2023-07-28
Rwanda,RWA,AFR,2019,1396006,0,435095,1396006,435095,186003,4529732,241566,4957301,0,2023-07-28
Rwanda,RWA,AFR,2020,3020932,24511,900928,3020932,900928,1156811,6255250,24511,7695703,259131,2023-07-28
Rwanda,RWA,AFR,2021,3020932,1378129,1679986,3020932,1679986,1922160,2024827,1591021,7369288,1831280,2023-07-28
Rwanda,RWA,AFR,2022,2566037,2028631,2062761,1724544,1747871,1686744,4709224,88012,6934159,450179,2023-07-28
Saint Kitts and Nevis,KNA,AMR,2018,NA,NA,NA,NA,NA,NA,NA,NA,NA,NA,2023-07-28
Saint Kitts and Nevis,KNA,AMR,2019,NA,NA,NA,NA,NA,NA,NA,NA,NA,NA,2023-07-28
Saint Kitts and Nevis,KNA,AMR,2020,NA,NA,NA,NA,NA,NA,NA,NA,NA,NA,2023-07-28
Saint Kitts and Nevis,KNA,AMR,2021,NA,NA,NA,NA,NA,NA,NA,NA,NA,NA,2023-07-28
Saint Kitts and Nevis,KNA,AMR,2022,NA,NA,NA,NA,NA,NA,NA,NA,NA,NA,2023-07-28
Saint Lucia,LCA,AMR,2018,NA,NA,NA,NA,NA,NA,NA,NA,NA,NA,2023-07-28
Saint Lucia,LCA,AMR,2019,NA,NA,NA,NA,NA,NA,NA,NA,NA,NA,2023-07-28
Saint Lucia,LCA,AMR,2020,NA,NA,NA,NA,NA,NA,NA,NA,NA,NA,2023-07-28
Saint Lucia,LCA,AMR,2021,NA,NA,NA,NA,NA,NA,NA,NA,NA,NA,2023-07-28
Saint Lucia,LCA,AMR,2022,NA,NA,NA,NA,NA,NA,NA,NA,NA,NA,2023-07-28
Saint Vincent and the Grenadines,VCT,AMR,2018,NA,NA,NA,NA,NA,NA,NA,NA,NA,NA,2023-07-28
Saint Vincent and the Grenadines,VCT,AMR,2019,NA,NA,NA,NA,NA,NA,NA,NA,NA,NA,2023-07-28
Saint Vincent and the Grenadines,VCT,AMR,2020,NA,NA,NA,NA,NA,NA,NA,NA,NA,NA,2023-07-28
Saint Vincent and the Grenadines,VCT,AMR,2021,NA,NA,NA,NA,NA,NA,NA,NA,NA,NA,2023-07-28
Saint Vincent and the Grenadines,VCT,AMR,2022,NA,NA,NA,NA,NA,NA,NA,NA,NA,NA,2023-07-28
Samoa,WSM,WPR,2018,NA,NA,NA,NA,NA,NA,NA,NA,NA,NA,2023-07-28
Samoa,WSM,WPR,2019,NA,NA,NA,NA,NA,NA,NA,NA,NA,NA,2023-07-28
Samoa,WSM,WPR,2020,NA,NA,NA,NA,NA,NA,NA,NA,NA,NA,2023-07-28
Samoa,WSM,WPR,2021,NA,NA,NA,NA,NA,NA,NA,NA,NA,NA,2023-07-28
Samoa,WSM,WPR,2022,NA,NA,NA,NA,NA,NA,NA,NA,NA,NA,2023-07-28
San Marino,SMR,EUR,2018,NA,NA,NA,NA,NA,NA,NA,NA,NA,NA,2023-07-28
San Marino,SMR,EUR,2019,NA,NA,NA,NA,NA,NA,NA,NA,NA,NA,2023-07-28
San Marino,SMR,EUR,2020,NA,NA,NA,NA,NA,NA,NA,NA,NA,NA,2023-07-28
San Marino,SMR,EUR,2021,NA,NA,NA,NA,NA,NA,NA,NA,NA,NA,2023-07-28
San Marino,SMR,EUR,2022,NA,NA,NA,NA,NA,NA,NA,NA,NA,NA,2023-07-28
Sao Tome and Principe,STP,AFR,2018,68626,0,52200,25732,23784,53250,241668,5900,300818,0,2023-07-28
Sao Tome and Principe,STP,AFR,2019,60626,123124,32200,54844,18315,191359,227950,11582,430891,0,2023-07-28
Sao Tome and Principe,STP,AFR,2020,73552,0,32080,95772,30929,22220,267462,18800,308482,0,2023-07-28
Sao Tome and Principe,STP,AFR,2021,95772,0,32080,95772,32010,23301,267462,18800,309563,0,2023-07-28
Sao Tome and Principe,STP,AFR,2022,73552,0,52250,35325,30248,51350,342119,11669,405138,0,2023-07-28
Saudi Arabia,SAU,EMR,2018,NA,NA,NA,NA,NA,NA,NA,NA,NA,NA,2023-07-28
Saudi Arabia,SAU,EMR,2019,NA,NA,NA,NA,NA,NA,NA,NA,NA,NA,2023-07-28
Saudi Arabia,SAU,EMR,2020,NA,NA,NA,NA,NA,NA,NA,NA,NA,NA,2023-07-28
Saudi Arabia,SAU,EMR,2021,NA,NA,NA,NA,NA,NA,NA,NA,NA,NA,2023-07-28
Saudi Arabia,SAU,EMR,2022,NA,NA,NA,NA,NA,NA,NA,NA,NA,NA,2023-07-28
Senegal,SEN,AFR,2018,2509699,5934765,1023424,824150,663563,739532,2238691,158970,3137193,0,2023-07-28
Senegal,SEN,AFR,2019,5200000,1213490,1750000,515686,1401362,1737238,2287149,212019,4236406,0,2023-07-28
Senegal,SEN,AFR,2020,1818176,2599027,1411309,330580,1021226,1290727,1735553,77301,3103581,0,2023-07-28
Senegal,SEN,AFR,2021,7200000,12000000,1200000,1190657,1091630,1842535,2659819,78884,4581238,0,2023-07-28
Senegal,SEN,AFR,2022,NA,NA,NA,NA,NA,NA,NA,NA,NA,NA,2023-07-28
Serbia,SRB,EUR,2018,2097048,29769,34124,2091378,16799,9414581,0,0,9414581,0,2023-07-28
Serbia,SRB,EUR,2019,1801767,25878,34124,1795099,18900,8137706,0,0,8137706,0,2023-07-28
Serbia,SRB,EUR,2020,NA,NA,NA,NA,NA,NA,NA,NA,NA,NA,2023-07-28
Serbia,SRB,EUR,2021,NA,NA,NA,NA,NA,NA,NA,NA,NA,NA,2023-07-28
Serbia,SRB,EUR,2022,NA,NA,NA,NA,NA,NA,NA,NA,NA,NA,2023-07-28
Seychelles,SYC,AFR,2018,NA,NA,NA,NA,NA,NA,NA,NA,NA,NA,2023-07-28
Seychelles,SYC,AFR,2019,NA,NA,NA,NA,NA,NA,NA,NA,NA,NA,2023-07-28
Seychelles,SYC,AFR,2020,NA,NA,NA,NA,NA,NA,NA,NA,NA,NA,2023-07-28
Seychelles,SYC,AFR,2021,NA,NA,NA,NA,NA,NA,NA,NA,NA,NA,2023-07-28
Seychelles,SYC,AFR,2022,NA,NA,NA,NA,NA,NA,NA,NA,NA,NA,2023-07-28
Sierra Leone,SLE,AFR,2018,4000000,1674607,300000,2618874,264591,264591,11086383,587741,11974180,35465,2023-07-28
Sierra Leone,SLE,AFR,2019,500000,1000000,300000,300000,295250,295250,5966058,807340,7068648,NA,2023-07-28
Sierra Leone,SLE,AFR,2020,300000,1000000,500000,200000,470000,470000,6048135,900000,7418135,NA,2023-07-28
Sierra Leone,SLE,AFR,2021,700000,963467,600000,500000,300000,614412,5000000,642146,6256558,NA,2023-07-28
Sierra Leone,SLE,AFR,2022,1000000,492052,600000,700000,300000,661767,5080128,673376,6515271,100000,2023-07-28
Singapore,SGP,WPR,2018,NA,NA,NA,NA,NA,NA,NA,NA,NA,NA,2023-07-28
Singapore,SGP,WPR,2019,NA,NA,NA,NA,NA,NA,NA,NA,NA,NA,2023-07-28
Singapore,SGP,WPR,2020,NA,NA,NA,NA,NA,NA,NA,NA,NA,NA,2023-07-28
Singapore,SGP,WPR,2021,NA,NA,NA,NA,NA,NA,NA,NA,NA,NA,2023-07-28
Singapore,SGP,WPR,2022,NA,NA,NA,NA,NA,NA,NA,NA,NA,NA,2023-07-28
Sint Maarten (Dutch part),SXM,AMR,2018,NA,NA,NA,NA,NA,NA,NA,NA,NA,NA,2023-07-28
Sint Maarten (Dutch part),SXM,AMR,2019,NA,NA,NA,NA,NA,NA,NA,NA,NA,NA,2023-07-28
Sint Maarten (Dutch part),SXM,AMR,2020,NA,NA,NA,NA,NA,NA,NA,NA,NA,NA,2023-07-28
Sint Maarten (Dutch part),SXM,AMR,2021,NA,NA,NA,NA,NA,NA,NA,NA,NA,NA,2023-07-28
Sint Maarten (Dutch part),SXM,AMR,2022,NA,NA,NA,NA,NA,NA,NA,NA,NA,NA,2023-07-28
Slovakia,SVK,EUR,2018,NA,NA,NA,NA,NA,NA,NA,NA,NA,NA,2023-07-28
Slovakia,SVK,EUR,2019,NA,NA,NA,NA,NA,NA,NA,NA,NA,NA,2023-07-28
Slovakia,SVK,EUR,2020,NA,NA,NA,NA,NA,NA,NA,NA,NA,NA,2023-07-28
Slovakia,SVK,EUR,2021,NA,NA,NA,NA,NA,NA,NA,NA,NA,NA,2023-07-28
Slovakia,SVK,EUR,2022,NA,NA,NA,NA,NA,NA,NA,NA,NA,NA,2023-07-28
Slovenia,SVN,EUR,2018,NA,NA,NA,NA,NA,NA,NA,NA,NA,NA,2023-07-28
Slovenia,SVN,EUR,2019,NA,NA,NA,NA,NA,NA,NA,NA,NA,NA,2023-07-28
Slovenia,SVN,EUR,2020,NA,NA,NA,NA,NA,NA,NA,NA,NA,NA,2023-07-28
Slovenia,SVN,EUR,2021,NA,NA,NA,NA,NA,NA,NA,NA,NA,NA,2023-07-28
Slovenia,SVN,EUR,2022,NA,NA,NA,NA,NA,NA,NA,NA,NA,NA,2023-07-28
Solomon Islands,SLB,WPR,2018,129270,0,343547,129270,343547,482184,548576,0,1030760,0,2023-07-28
Solomon Islands,SLB,WPR,2019,187885,0,178085,187885,178085,419850,645584,0,1065434,0,2023-07-28
Solomon Islands,SLB,WPR,2020,174507,0,178085,174507,178085,490236,548255,0,1038491,0,2023-07-28
Solomon Islands,SLB,WPR,2021,173460,0,178085,173460,178085,217695,548623,0,766318,0,2023-07-28
Solomon Islands,SLB,WPR,2022,173460,0,178085,173460,178085,403041,354218,0,757259,0,2023-07-28
Somalia,SOM,EMR,2018,NA,NA,NA,777207,14250,NA,7499438,NA,7499438,NA,2023-07-28
Somalia,SOM,EMR,2019,413398,192634,3132721,413398,3132721,NA,8229414,NA,8229414,NA,2023-07-28
Somalia,SOM,EMR,2020,1120441,4366567,1653862,1120441,1653862,0,8151944,0,8151944,0,2023-07-28
Somalia,SOM,EMR,2021,812622,0,0,812622,0,0,11794561,0,11794561,0,2023-07-28
Somalia,SOM,EMR,2022,4350792,5164390,226323,792068,198191,0,9934451,250000,10184451,0,2023-07-28
South Africa,ZAF,AFR,2018,139515641,24690225,9222370,139515641,9222370,247352379,9042857,NA,268895236,12500000,2023-07-28
South Africa,ZAF,AFR,2019,110958162,23463834,10144607,110958162,10144607,208274028,20448058,NA,239722086,11000000,2023-07-28
South Africa,ZAF,AFR,2020,111394485,NA,7150574,111394485,7150574,152134845,26589960,NA,196724805,18000000,2023-07-28
South Africa,ZAF,AFR,2021,121419987,NA,7639339,121419987,7639339,160953394,46360235,2400000,224713629,15000000,2023-07-28
South Africa,ZAF,AFR,2022,86286226,NA,7608123,86286226,7608123,137589899,49785785,NA,202375684,15000000,2023-07-28
South Sudan,SSD,AFR,2018,201754,753995,1121604,201754,1121604,NA,3629830,NA,3629830,NA,2023-07-28
South Sudan,SSD,AFR,2019,3204469,1500000,2452859,100030,750207,NA,4244650,NA,4244650,NA,2023-07-28
South Sudan,SSD,AFR,2020,761332,2702083,220050,761332,220050,0,5627277,0,5627277,0,2023-07-28
South Sudan,SSD,AFR,2021,1000000,1500000,240000,496797,118080,0,5533954,0,5533954,0,2023-07-28
South Sudan,SSD,AFR,2022,983010,154747,118080,983010,118080,0,3442557,0,3442557,0,2023-07-28
Spain,ESP,EUR,2018,NA,NA,NA,NA,NA,NA,NA,NA,NA,NA,2023-07-28
Spain,ESP,EUR,2019,NA,NA,NA,NA,NA,NA,NA,NA,NA,NA,2023-07-28
Spain,ESP,EUR,2020,NA,NA,NA,NA,NA,NA,NA,NA,NA,NA,2023-07-28
Spain,ESP,EUR,2021,NA,NA,NA,NA,NA,NA,NA,NA,NA,NA,2023-07-28
Spain,ESP,EUR,2022,NA,NA,NA,NA,NA,NA,NA,NA,NA,NA,2023-07-28
Sri Lanka,LKA,SEA,2018,1335837,30576,3409944,1330472,3409944,3724174,3732362,28564,7485100,0,2023-07-28
Sri Lanka,LKA,SEA,2019,828634,85227,3305768,828634,3305768,3526847,1455740,85227,5067814,NA,2023-07-28
Sri Lanka,LKA,SEA,2020,877094,58660,3372957,877094,3372957,4219188,969529,38770,5227487,NA,2023-07-28
Sri Lanka,LKA,SEA,2021,674723,9841,1603087,674723,1603087,3551827,1019658,140704,4712189,NA,2023-07-28
Sri Lanka,LKA,SEA,2022,1799228,22979,1790724,1799228,1790724,2838758,1149396,NA,3988154,NA,2023-07-28
Sudan,SDN,EMR,2018,1000000,1900000,2879291,821284,2553541,2493541,5223176,NA,7716717,NA,2023-07-28
Sudan,SDN,EMR,2019,3405845,1320255,772386,1431513,275586,169200,5003944,NA,5173144,NA,2023-07-28
Sudan,SDN,EMR,2020,1463581,1320255,772386,1463581,275586,169200,5392566,NA,5561766,NA,2023-07-28
Sudan,SDN,EMR,2021,1345141,1439091,194720,1110918,120720,99814,4341981,0,4441795,0,2023-07-28
Sudan,SDN,EMR,2022,1140307,1392180,638820,1140307,638820,988432,4672157,0,5660589,0,2023-07-28
Suriname,SUR,AMR,2018,253105,325056,283132,200000,175000,401026,357618,60162,818806,0,2023-07-28
Suriname,SUR,AMR,2019,113808,132850,417559,108808,417559,385719,395782,90000,871501,0,2023-07-28
Suriname,SUR,AMR,2020,225000,125000,410000,200000,410000,507080,395000,65000,967080,0,2023-07-28
Suriname,SUR,AMR,2021,300000,100000,225000,280000,211000,511000,182000,100000,793000,NA,2023-07-28
Suriname,SUR,AMR,2022,350000,15000,175000,274498,105000,330700,166202,110000,606902,0,2023-07-28
Sweden,SWE,EUR,2018,NA,NA,NA,NA,NA,NA,NA,NA,NA,NA,2023-07-28
Sweden,SWE,EUR,2019,NA,NA,NA,NA,NA,NA,NA,NA,NA,NA,2023-07-28
Sweden,SWE,EUR,2020,NA,NA,NA,NA,NA,NA,NA,NA,NA,NA,2023-07-28
Sweden,SWE,EUR,2021,NA,NA,NA,NA,NA,NA,NA,NA,NA,NA,2023-07-28
Sweden,SWE,EUR,2022,NA,NA,NA,NA,NA,NA,NA,NA,NA,NA,2023-07-28
Switzerland,CHE,EUR,2018,NA,NA,NA,NA,NA,NA,NA,NA,NA,NA,2023-07-28
Switzerland,CHE,EUR,2019,NA,NA,NA,NA,NA,NA,NA,NA,NA,NA,2023-07-28
Switzerland,CHE,EUR,2020,NA,NA,NA,NA,NA,NA,NA,NA,NA,NA,2023-07-28
Switzerland,CHE,EUR,2021,NA,NA,NA,NA,NA,NA,NA,NA,NA,NA,2023-07-28
Switzerland,CHE,EUR,2022,NA,NA,NA,NA,NA,NA,NA,NA,NA,NA,2023-07-28
Syrian Arab Republic,SYR,EMR,2018,184000,NA,NA,184000,NA,0,703800,0,703800,0,2023-07-28
Syrian Arab Republic,SYR,EMR,2019,237636,0,0,237636,0,0,904124,0,904124,0,2023-07-28
Syrian Arab Republic,SYR,EMR,2020,277600,0,0,277600,0,0,1029100,0,1029100,0,2023-07-28
Syrian Arab Republic,SYR,EMR,2021,277600,0,17000,277600,17000,0,1231100,0,1231100,0,2023-07-28
Syrian Arab Republic,SYR,EMR,2022,277600,0,17000,277600,17000,0,1305100,0,1305100,0,2023-07-28
Tajikistan,TJK,EUR,2018,4051834,2300615,1913620,3069571,1472015,3016064,6237268,641926,12964909,3069651,2023-07-28
Tajikistan,TJK,EUR,2019,4335462,1344988,1014943,3468369,845786,4845161,2088638,789118,8051224,328307,2023-07-28
Tajikistan,TJK,EUR,2020,2759466,6888608,494814,2299555,412345,6267320,5135294,602594,12005208,0,2023-07-28
Tajikistan,TJK,EUR,2021,3112111,4430745,262003,2593425,218336,467248,8795563,741674,10004485,NA,2023-07-28
Tajikistan,TJK,EUR,2022,3723250,330959,8170644,3102708,6808870,8458314,6358284,30159,14852757,6000,2023-07-28
Thailand,THA,SEA,2018,2946152,629220,1528138,2946152,1528138,22387230,3439170,34349,25860749,0,2023-07-28
Thailand,THA,SEA,2019,4002630,530000,1528026,4002630,1528026,23565944,3264999,0,26830943,0,2023-07-28
Thailand,THA,SEA,2020,5621464,389949,1581524,5621464,1581524,26028432,4841327,509026,31378785,0,2023-07-28
Thailand,THA,SEA,2021,6759621,391900,1859273,6759621,1859273,24799318,4984627,301900,30085845,NA,2023-07-28
Thailand,THA,SEA,2022,6945510,405224,1868569,6945510,1868569,22697382,7632236,NA,30329618,NA,2023-07-28
Timor-Leste,TLS,SEA,2018,323616,0,212678,323616,212678,0,1773683,0,1773683,0,2023-07-28
Timor-Leste,TLS,SEA,2019,142044,1557865,666851,142044,666851,461356,2695614,0,3156970,0,2023-07-28
Timor-Leste,TLS,SEA,2020,370734,378927,506654,370734,506654,544185,1195522,0,1739707,0,2023-07-28
Timor-Leste,TLS,SEA,2021,627783,521198,476276,627783,476276,NA,2972238,NA,2972238,NA,2023-07-28
Timor-Leste,TLS,SEA,2022,575769,288323,517112,575769,517112,NA,2868669,NA,2868669,NA,2023-07-28
Togo,TGO,AFR,2018,124355,132287,249682,124355,249682,222404,491735,82176,796315,0,2023-07-28
Togo,TGO,AFR,2019,269406,0,296471,269406,296471,178719,167871,884290,1230880,0,2023-07-28
Togo,TGO,AFR,2020,137286,49656,253546,137286,253546,221034,256128,416484,893646,0,2023-07-28
Togo,TGO,AFR,2021,511301,3243,500084,511301,500084,822037,552553,3243,1377833,0,2023-07-28
Togo,TGO,AFR,2022,1069544,28519,306740,891286,306740,281522,1306794,28519,1616835,0,2023-07-28
Tokelau,TKL,WPR,2018,NA,NA,NA,NA,NA,NA,NA,NA,NA,NA,2023-07-28
Tokelau,TKL,WPR,2019,NA,NA,NA,NA,NA,NA,NA,NA,NA,NA,2023-07-28
Tokelau,TKL,WPR,2020,NA,NA,NA,NA,NA,NA,NA,NA,NA,NA,2023-07-28
Tokelau,TKL,WPR,2021,NA,NA,NA,NA,NA,NA,NA,NA,NA,NA,2023-07-28
Tokelau,TKL,WPR,2022,NA,NA,NA,NA,NA,NA,NA,NA,NA,NA,2023-07-28
Tonga,TON,WPR,2018,NA,NA,NA,NA,NA,NA,NA,NA,NA,NA,2023-07-28
Tonga,TON,WPR,2019,NA,NA,NA,NA,NA,NA,NA,NA,NA,NA,2023-07-28
Tonga,TON,WPR,2020,NA,NA,NA,NA,NA,NA,NA,NA,NA,NA,2023-07-28
Tonga,TON,WPR,2021,NA,NA,NA,NA,NA,NA,NA,NA,NA,NA,2023-07-28
Tonga,TON,WPR,2022,NA,NA,NA,NA,NA,NA,NA,NA,NA,NA,2023-07-28
Trinidad and Tobago,TTO,AMR,2018,NA,NA,NA,NA,NA,NA,NA,NA,NA,NA,2023-07-28
Trinidad and Tobago,TTO,AMR,2019,NA,NA,NA,NA,NA,NA,NA,NA,NA,NA,2023-07-28
Trinidad and Tobago,TTO,AMR,2020,NA,NA,NA,NA,NA,NA,NA,NA,NA,NA,2023-07-28
Trinidad and Tobago,TTO,AMR,2021,NA,NA,NA,NA,NA,NA,NA,NA,NA,NA,2023-07-28
Trinidad and Tobago,TTO,AMR,2022,NA,NA,NA,NA,NA,NA,NA,NA,NA,NA,2023-07-28
Tunisia,TUN,EMR,2018,242000,0,680000,242000,680000,1451600,0,0,1451600,0,2023-07-28
Tunisia,TUN,EMR,2019,300000,NA,700000,300000,700000,1674000,0,0,1674000,0,2023-07-28
Tunisia,TUN,EMR,2020,NA,NA,NA,NA,NA,NA,NA,NA,NA,NA,2023-07-28
Tunisia,TUN,EMR,2021,185000,0,30000,185000,30000,992000,0,0,992000,0,2023-07-28
Tunisia,TUN,EMR,2022,200000,0,45000,200000,45000,1099500,NA,NA,1099500,NA,2023-07-28
Türkiye,TUR,EUR,2018,NA,NA,NA,NA,NA,NA,NA,NA,NA,NA,2023-07-28
Türkiye,TUR,EUR,2019,NA,NA,NA,NA,NA,NA,NA,NA,NA,NA,2023-07-28
Türkiye,TUR,EUR,2020,NA,NA,NA,NA,NA,NA,NA,NA,NA,NA,2023-07-28
Türkiye,TUR,EUR,2021,NA,NA,NA,NA,NA,NA,NA,NA,NA,NA,2023-07-28
Türkiye,TUR,EUR,2022,NA,NA,NA,NA,NA,NA,NA,NA,NA,NA,2023-07-28
Turkmenistan,TKM,EUR,2018,NA,NA,NA,NA,NA,NA,NA,NA,NA,NA,2023-07-28
Turkmenistan,TKM,EUR,2019,NA,NA,NA,NA,NA,NA,NA,NA,NA,NA,2023-07-28
Turkmenistan,TKM,EUR,2020,NA,NA,NA,NA,NA,NA,NA,NA,NA,NA,2023-07-28
Turkmenistan,TKM,EUR,2021,NA,NA,NA,NA,NA,NA,NA,NA,NA,NA,2023-07-28
Turkmenistan,TKM,EUR,2022,NA,NA,NA,NA,NA,NA,NA,NA,NA,NA,2023-07-28
Turks and Caicos Islands,TCA,AMR,2018,NA,NA,NA,NA,NA,NA,NA,NA,NA,NA,2023-07-28
Turks and Caicos Islands,TCA,AMR,2019,NA,NA,NA,NA,NA,NA,NA,NA,NA,NA,2023-07-28
Turks and Caicos Islands,TCA,AMR,2020,NA,NA,NA,NA,NA,NA,NA,NA,NA,NA,2023-07-28
Turks and Caicos Islands,TCA,AMR,2021,NA,NA,NA,NA,NA,NA,NA,NA,NA,NA,2023-07-28
Turks and Caicos Islands,TCA,AMR,2022,NA,NA,NA,NA,NA,NA,NA,NA,NA,NA,2023-07-28
Tuvalu,TUV,WPR,2018,NA,NA,NA,NA,NA,NA,NA,NA,NA,NA,2023-07-28
Tuvalu,TUV,WPR,2019,NA,NA,NA,NA,NA,NA,NA,NA,NA,NA,2023-07-28
Tuvalu,TUV,WPR,2020,NA,NA,NA,NA,NA,NA,NA,NA,NA,NA,2023-07-28
Tuvalu,TUV,WPR,2021,NA,NA,NA,NA,NA,NA,NA,NA,NA,NA,2023-07-28
Tuvalu,TUV,WPR,2022,NA,NA,NA,NA,NA,NA,NA,NA,NA,NA,2023-07-28
Uganda,UGA,AFR,2018,4321467,1000000,707000,1321467,600000,30000,5226398,450370,10706768,5000000,2023-07-28
Uganda,UGA,AFR,2019,11426295,880436,800000,6707734,683939,1908108,10376166,504601,22788875,10000000,2023-07-28
Uganda,UGA,AFR,2020,11426295,0,1200000,8815288,1000000,1908108,10000000,3781049,25689157,10000000,2023-07-28
Uganda,UGA,AFR,2021,10426290,800000,1400000,7820288,1000000,4000000,9700000,5985992,29885992,10200000,2023-07-28
Uganda,UGA,AFR,2022,11426295,800000,1400000,7815288,1000000,4000000,10000000,5985992,30985992,11000000,2023-07-28
Ukraine,UKR,EUR,2018,5357827,0,166118,5357827,166118,23459844,12714413,NA,36174257,NA,2023-07-28
Ukraine,UKR,EUR,2019,6284684,20861071,111252,6284684,111252,46958677,7240183,NA,54198860,NA,2023-07-28
Ukraine,UKR,EUR,2020,5030465,109986985,94665,5030465,94665,60168525,14232058,0,74982083,581500,2023-07-28
Ukraine,UKR,EUR,2021,10077913,10067242,94666,10033677,94666,65706167,40611201,0,113121368,6804000,2023-07-28
Ukraine,UKR,EUR,2022,5221000,1878000,70415000,5003000,68762000,113828000,27876000,0,142124000,420000,2023-07-28
United Arab Emirates,ARE,EMR,2018,NA,NA,NA,NA,NA,NA,NA,NA,NA,NA,2023-07-28
United Arab Emirates,ARE,EMR,2019,NA,NA,NA,NA,NA,NA,NA,NA,NA,NA,2023-07-28
United Arab Emirates,ARE,EMR,2020,NA,NA,NA,NA,NA,NA,NA,NA,NA,NA,2023-07-28
United Arab Emirates,ARE,EMR,2021,NA,NA,NA,NA,NA,NA,NA,NA,NA,NA,2023-07-28
United Arab Emirates,ARE,EMR,2022,NA,NA,NA,NA,NA,NA,NA,NA,NA,NA,2023-07-28
United Kingdom of Great Britain and Northern Ireland,GBR,EUR,2018,NA,NA,NA,NA,NA,NA,NA,NA,NA,NA,2023-07-28
United Kingdom of Great Britain and Northern Ireland,GBR,EUR,2019,NA,NA,NA,NA,NA,NA,NA,NA,NA,NA,2023-07-28
United Kingdom of Great Britain and Northern Ireland,GBR,EUR,2020,NA,NA,NA,NA,NA,NA,NA,NA,NA,NA,2023-07-28
United Kingdom of Great Britain and Northern Ireland,GBR,EUR,2021,NA,NA,NA,NA,NA,NA,NA,NA,NA,NA,2023-07-28
United Kingdom of Great Britain and Northern Ireland,GBR,EUR,2022,NA,NA,NA,NA,NA,NA,NA,NA,NA,NA,2023-07-28
United Republic of Tanzania,TZA,AFR,2018,23063598,NA,1436888,3360616,1436888,1766642,16091737,750000,30884332,12275953,2023-07-28
United Republic of Tanzania,TZA,AFR,2019,23063593,NA,1436888,2138195,1436888,2357684,10577886,837503,17470938,3697865,2023-07-28
United Republic of Tanzania,TZA,AFR,2020,15279200,392015,12245734,1631454,11245734,12208599,11268848,1796660,41087720,15813613,2023-07-28
United Republic of Tanzania,TZA,AFR,2021,10549672,3552702,3623940,3739320,2779356,11842341,12930276,500000,33252617,7980000,2023-07-28
United Republic of Tanzania,TZA,AFR,2022,9060130,NA,3664070,4397569,3586862,4197284,15030195,4578298,31805777,8000000,2023-07-28
United States of America,USA,AMR,2018,NA,NA,NA,NA,NA,NA,NA,NA,NA,NA,2023-07-28
United States of America,USA,AMR,2019,NA,NA,NA,NA,NA,NA,NA,NA,NA,NA,2023-07-28
United States of America,USA,AMR,2020,NA,NA,NA,NA,NA,NA,NA,NA,NA,NA,2023-07-28
United States of America,USA,AMR,2021,NA,NA,NA,NA,NA,NA,NA,NA,NA,NA,2023-07-28
United States of America,USA,AMR,2022,NA,NA,NA,NA,NA,NA,NA,NA,NA,NA,2023-07-28
Uruguay,URY,AMR,2018,227614,464158,3228428,227614,3228428,4695350,NA,NA,4695350,NA,2023-07-28
Uruguay,URY,AMR,2019,245732,501105,3485411,245732,3485411,5069100,0,0,5069100,0,2023-07-28
Uruguay,URY,AMR,2020,267332,545152,3791778,267332,3791778,5509982,0,0,5509982,0,2023-07-28
Uruguay,URY,AMR,2021,NA,NA,NA,NA,NA,NA,NA,NA,NA,NA,2023-07-28
Uruguay,URY,AMR,2022,NA,NA,NA,NA,NA,NA,NA,NA,NA,NA,2023-07-28
Uzbekistan,UZB,EUR,2018,1471080,740226,361655,1471080,361655,NA,9845430,291954,11047703,910319,2023-07-28
Uzbekistan,UZB,EUR,2019,NA,NA,NA,NA,NA,NA,NA,NA,NA,NA,2023-07-28
Uzbekistan,UZB,EUR,2020,NA,NA,NA,NA,NA,NA,NA,NA,NA,NA,2023-07-28
Uzbekistan,UZB,EUR,2021,NA,NA,NA,NA,NA,NA,NA,NA,NA,NA,2023-07-28
Uzbekistan,UZB,EUR,2022,NA,NA,NA,NA,NA,NA,NA,NA,NA,NA,2023-07-28
Vanuatu,VUT,WPR,2018,2000,20000,210000,2000,210000,114293,180000,20000,314293,0,2023-07-28
Vanuatu,VUT,WPR,2019,2000,0,210000,2000,210000,219869,155031,32361,407261,0,2023-07-28
Vanuatu,VUT,WPR,2020,2000,20000,210000,2000,210000,10576,90326,216391,317293,NA,2023-07-28
Vanuatu,VUT,WPR,2021,0,35435,195605,0,195605,195605,204258,127846,527709,NA,2023-07-28
Vanuatu,VUT,WPR,2022,50,0,154,50,154,129,272,213,614,NA,2023-07-28
Venezuela (Bolivarian Republic of),VEN,AMR,2018,1350000,156000,NA,0,NA,394777,0,0,394777,0,2023-07-28
Venezuela (Bolivarian Republic of),VEN,AMR,2019,1007788,156000,2238,0,2238,559537,0,0,559537,0,2023-07-28
Venezuela (Bolivarian Republic of),VEN,AMR,2020,2300000,200000,21600,885088,21600,136800,1707628,85720,1930148,0,2023-07-28
Venezuela (Bolivarian Republic of),VEN,AMR,2021,1233277,200000,21600,395204,21600,189046,810701,20000,1019747,0,2023-07-28
Venezuela (Bolivarian Republic of),VEN,AMR,2022,719327,0,303376,719327,303376,713376,1165328,351149,2229853,0,2023-07-28
Viet Nam,VNM,WPR,2018,6942607,62619,25501815,1877007,1140656,7917308,17006869,2443092,27367269,NA,2023-07-28
Viet Nam,VNM,WPR,2019,6942607,62619,26501815,1057000,4707816,9803896,15514867,1619840,26938603,NA,2023-07-28
Viet Nam,VNM,WPR,2020,8642607,62619,25501815,924053,1086569,4851064,16897036,1758304,24056404,550000,2023-07-28
Viet Nam,VNM,WPR,2021,31014669,3632188,6994960,5985031,1930066,4972638,26813654,982002,33651888,883594,2023-07-28
Viet Nam,VNM,WPR,2022,31415196,4052596,8128051,3573911,2077065,5560000,23928960,951542,30440502,NA,2023-07-28
Wallis and Futuna Islands,WLF,WPR,2018,NA,NA,NA,NA,NA,NA,NA,NA,NA,NA,2023-07-28
Wallis and Futuna Islands,WLF,WPR,2019,NA,NA,NA,NA,NA,NA,NA,NA,NA,NA,2023-07-28
Wallis and Futuna Islands,WLF,WPR,2020,NA,NA,NA,NA,NA,NA,NA,NA,NA,NA,2023-07-28
Wallis and Futuna Islands,WLF,WPR,2021,NA,NA,NA,NA,NA,NA,NA,NA,NA,NA,2023-07-28
Wallis and Futuna Islands,WLF,WPR,2022,NA,NA,NA,NA,NA,NA,NA,NA,NA,NA,2023-07-28
Yemen,YEM,EMR,2018,885434,469296,1010000,170000,410000,34400,1992569,NA,2026969,NA,2023-07-28
Yemen,YEM,EMR,2019,275207,0,586400,201125,277440,292060,881163,80000,1253223,0,2023-07-28
Yemen,YEM,EMR,2020,429545,0,582000,187682,307440,69430,1377506,0,1446936,0,2023-07-28
Yemen,YEM,EMR,2021,429545,0,582000,187682,376530,69090,1651986,0,1721076,0,2023-07-28
Yemen,YEM,EMR,2022,673531,0,346730,673531,198200,69090,1949248,0,2018338,0,2023-07-28
Zambia,ZMB,AFR,2018,15624861,410000,928340,12124861,618115,10612996,9044576,3612096,30269668,7000000,2023-07-28
Zambia,ZMB,AFR,2019,8624861,410000,718340,6464317,618115,9000000,5475748,3000000,22381207,4905459,2023-07-28
Zambia,ZMB,AFR,2020,8624861,410000,718340,6464317,618115,10583901,22119535,3500000,42108895,5905459,2023-07-28
Zambia,ZMB,AFR,2021,5464317,200000,718340,4000000,718340,11750000,9409575,530000,31334448,9644873,2023-07-28
Zambia,ZMB,AFR,2022,4464317,250000,718340,4000000,718340,15551080,10095759,743816,37205562,10814907,2023-07-28
Zimbabwe,ZWE,AFR,2018,2940555,0,1606895,2042674,1606895,NA,7203690,NA,12803690,5600000,2023-07-28
Zimbabwe,ZWE,AFR,2019,3444798,NA,2222465,3085333,1606894,143204,8517038,80000,12788699,4048457,2023-07-28
Zimbabwe,ZWE,AFR,2020,3058011,0,1900893,2541507,1533424,247705,8300758,337233,10756252,1870556,2023-07-28
Zimbabwe,ZWE,AFR,2021,6529001,2096683,3535698,2401506,3283731,2096683,9803368,911965,16096601,3284585,2023-07-28
Zimbabwe,ZWE,AFR,2022,3557975,0,2242980,1800050,2058819,1000000,9487457,1301355,14847642,3058830,2023-07-28
